,n1,n2,n3,n4,block_type,time
0,8,9,179,10,1,2.0769968032836914
1,14,13,25,17,1,0.8582000732421875
2,4,15,38,10,1,0.7210149765014648
3,16,13,53,17,1,1.0801866054534912
4,9,16,199,4,1,2.217146396636963
5,6,13,82,4,1,1.1078598499298096
6,17,17,109,8,1,1.5362865924835205
7,10,8,50,16,1,0.92055344581604
8,14,31,44,8,1,1.0503158569335938
9,16,46,176,19,1,2.6493561267852783
10,6,15,214,18,1,2.48873233795166
11,17,7,131,13,1,1.8977158069610596
12,1,12,180,1,1,1.877232313156128
13,8,23,155,13,1,2.0212247371673584
14,19,46,168,7,1,2.4019744396209717
15,17,3,138,18,1,1.8292081356048584
16,15,37,122,15,1,1.9333345890045166
17,16,37,212,2,1,2.5877749919891357
18,20,25,181,17,1,2.4847209453582764
19,2,25,107,10,1,1.4780983924865723
20,10,28,30,16,1,0.9468798637390137
21,3,4,125,20,1,1.521104097366333
22,10,38,51,14,1,1.2126655578613281
23,16,8,214,20,1,2.596579074859619
24,7,22,62,17,1,1.2053513526916504
25,18,38,187,14,1,2.573934316635132
26,11,31,51,11,1,1.130540370941162
27,1,30,85,18,1,1.3701274394989014
28,7,2,14,3,1,0.3562746047973633
29,2,21,31,2,0,0.5021162033081055
30,20,3,34,20,1,0.926245927810669
31,3,17,37,14,1,0.7849264144897461
32,11,3,38,18,1,0.8113532066345215
33,12,7,36,2,0,0.5379331111907959
34,2,39,116,10,1,1.678048849105835
35,1,32,81,7,1,1.226332664489746
36,15,14,214,16,1,2.564863681793213
37,19,2,33,19,1,0.902517557144165
38,15,12,17,19,1,0.7618756294250488
39,8,16,9,15,1,0.5905032157897949
40,7,46,59,6,1,1.2153747081756592
41,15,4,80,2,1,1.0610523223876953
42,10,36,139,18,1,2.045776605606079
43,8,47,14,6,1,0.841759204864502
44,19,34,60,3,1,1.216679573059082
45,4,40,142,20,1,2.0992140769958496
46,2,31,205,1,1,2.3294737339019775
47,14,42,77,7,1,1.5105152130126953
48,6,40,142,20,1,2.0824263095855713
49,16,10,64,1,1,0.9831528663635254
50,7,5,3,12,1,0.38758206367492676
51,16,25,88,20,1,1.604651689529419
52,11,16,34,2,0,0.5792279243469238
53,15,36,12,18,1,0.9373137950897217
54,18,37,89,15,1,1.6638059616088867
55,8,42,104,11,1,1.6888842582702637
56,9,44,28,18,1,1.114821195602417
57,19,7,80,3,1,1.1672656536102295
58,11,9,51,2,1,0.7959835529327393
59,3,3,116,15,1,1.3595654964447021
60,16,27,99,6,1,1.527251958847046
61,15,19,25,19,1,0.9311718940734863
62,17,41,30,12,1,1.1224045753479004
63,18,9,23,5,0,0.5343227386474609
64,14,46,114,11,1,1.8832972049713135
65,9,23,122,3,1,1.5945947170257568
66,14,7,187,1,1,2.0360286235809326
67,13,7,119,5,1,1.4626569747924805
68,7,21,163,14,1,2.0174148082733154
69,5,20,156,6,1,1.837925910949707
70,18,17,29,1,1,0.7617495059967041
71,18,18,184,17,1,2.4015934467315674
72,20,3,19,10,1,0.6618919372558594
73,14,5,187,13,1,2.169346570968628
74,13,10,3,17,0,0.47603344917297363
75,12,2,195,13,1,2.1931965351104736
76,6,26,183,20,1,2.3644838333129883
77,14,40,14,1,1,0.8697519302368164
78,11,10,22,13,0,0.5662112236022949
79,14,20,158,8,1,1.9669649600982666
80,9,6,63,19,1,1.0754318237304688
81,20,3,13,3,0,0.3855769634246826
82,20,37,126,12,1,2.007636070251465
83,2,19,4,20,1,0.5610227584838867
84,13,18,22,4,0,0.5266923904418945
85,9,9,92,20,1,1.3414530754089355
86,16,15,36,14,0,0.7803761959075928
87,11,45,162,5,1,2.194124698638916
88,1,14,84,1,1,0.9915692806243896
89,13,20,16,15,1,0.7744197845458984
90,3,46,64,6,1,1.199030876159668
91,7,30,161,7,1,1.9866037368774414
92,4,22,153,10,1,1.8525323867797852
93,10,17,42,4,1,0.8098311424255371
94,18,7,27,13,0,0.6316769123077393
95,18,10,8,14,0,0.5025792121887207
96,11,37,73,11,1,1.3704969882965088
97,12,26,85,10,1,2.1085681915283203
98,7,3,191,5,1,1.971081256866455
99,20,7,127,5,1,1.6178793907165527
100,2,20,154,10,1,1.8115332126617432
101,2,47,175,18,1,2.411372423171997
102,12,31,46,12,1,1.1305732727050781
103,12,31,164,17,1,2.2443368434906006
104,9,36,95,6,1,1.4856882095336914
105,14,37,68,3,1,1.2608792781829834
106,19,30,113,12,1,1.7840080261230469
107,19,42,24,16,1,1.161376714706421
108,13,37,19,16,1,0.9609537124633789
109,9,23,96,3,1,1.3235607147216797
110,2,18,143,6,1,1.6372761726379395
111,17,28,125,15,1,1.9004406929016113
112,18,13,122,8,1,1.6393229961395264
113,12,37,71,8,1,1.337890863418579
114,5,38,14,13,1,0.7943077087402344
115,8,15,21,9,0,0.5053677558898926
116,5,38,150,12,1,2.0260255336761475
117,16,25,35,3,1,0.8831806182861328
118,6,30,78,15,1,1.3313326835632324
119,14,47,53,20,1,1.433915376663208
120,12,23,109,19,1,1.6769022941589355
121,7,14,13,9,0,0.44168782234191895
122,6,41,36,11,1,0.9991261959075928
123,14,23,17,2,1,0.6521177291870117
124,13,15,182,13,1,2.2092344760894775
125,7,40,43,14,1,1.1278901100158691
126,15,1,14,20,0,0.5739326477050781
127,15,45,73,15,1,1.5776987075805664
128,17,5,210,19,1,2.5313761234283447
129,8,32,135,7,1,6.444450378417969
130,18,35,135,20,1,2.329993963241577
131,18,24,17,15,1,0.9404442310333252
132,11,13,141,6,1,1.7159702777862549
133,6,12,37,20,0,0.7537760734558105
134,6,8,75,10,1,1.040755271911621
135,2,33,73,7,1,1.2075014114379883
136,1,13,9,4,0,0.28105950355529785
137,3,44,63,1,1,1.1269478797912598
138,6,2,31,7,1,0.5314311981201172
139,5,14,63,3,1,0.8799197673797607
140,8,8,131,11,1,2.1800100803375244
141,19,43,99,20,1,1.957348346710205
142,7,40,7,5,1,0.7014045715332031
143,18,6,171,10,1,2.112577199935913
144,18,26,144,9,1,2.082811117172241
145,18,27,43,13,1,1.174539566040039
146,6,4,55,12,1,0.8360369205474854
147,11,18,47,2,1,0.846454381942749
148,16,3,31,16,1,0.808074951171875
149,12,14,10,15,1,0.6422345638275146
150,20,38,68,16,1,1.545431137084961
151,6,24,171,5,1,2.0340144634246826
152,12,11,14,2,1,0.5299632549285889
153,8,25,119,11,1,1.6677744388580322
154,13,37,150,9,1,2.0860700607299805
155,12,3,68,2,1,0.9417014122009277
156,10,41,176,5,1,2.32161283493042
157,14,42,164,8,1,2.2887372970581055
158,8,41,28,18,1,1.1028435230255127
159,12,22,39,12,1,0.9462008476257324
160,14,40,74,16,1,1.537367343902588
161,10,46,65,7,1,1.3378100395202637
162,4,41,32,15,1,1.0133335590362549
163,1,21,199,3,1,2.176922082901001
164,10,29,180,13,1,2.3192193508148193
165,20,4,145,1,1,1.7772302627563477
166,13,17,32,5,0,0.6296398639678955
167,9,4,110,14,1,1.3967492580413818
168,6,21,27,11,1,0.7465693950653076
169,6,12,174,6,1,1.9646146297454834
170,8,23,191,18,1,2.4270997047424316
171,5,23,214,17,1,2.955162525177002
172,1,39,77,20,1,1.5511975288391113
173,10,30,58,3,1,1.0740201473236084
174,12,19,20,10,0,0.5924367904663086
175,11,27,213,10,1,2.5704119205474854
176,20,16,37,11,1,0.9827225208282471
177,15,23,211,12,1,2.584134817123413
178,2,40,46,7,1,1.0122370719909668
179,7,30,22,16,1,0.8685507774353027
180,18,11,9,11,0,0.49720287322998047
181,6,22,158,1,1,1.8276362419128418
182,9,23,175,13,1,2.1826531887054443
183,6,18,189,15,1,2.7276482582092285
184,9,29,92,2,1,1.3828315734863281
185,19,43,191,17,1,2.8589115142822266
186,1,42,14,7,1,0.7285294532775879
187,4,26,13,10,0,0.5120909214019775
188,17,16,25,6,1,0.7307422161102295
189,7,35,125,2,1,1.6618616580963135
190,16,28,121,13,1,1.8248918056488037
191,17,7,54,11,1,0.9934298992156982
192,12,42,57,13,1,1.3282496929168701
193,18,6,17,14,1,0.6988184452056885
194,7,45,136,9,1,1.9708704948425293
195,12,27,26,7,1,0.8375260829925537
196,11,33,160,19,1,2.250434398651123
197,5,42,154,10,1,2.1620423793792725
198,3,29,18,2,1,0.6201152801513672
199,4,26,1,17,0,0.4958658218383789
200,11,10,48,2,1,0.7617268562316895
201,3,15,212,17,1,2.4190893173217773
202,8,35,152,7,1,2.067436933517456
203,3,9,36,13,0,0.6494648456573486
204,6,36,87,6,1,1.667320966720581
205,20,20,13,12,0,0.6323950290679932
206,10,7,117,6,1,1.401681661605835
207,9,2,167,3,1,1.783916711807251
208,7,16,21,14,0,0.600968599319458
209,4,21,107,4,1,1.343874454498291
210,16,22,139,20,1,2.021134614944458
211,6,35,55,20,1,1.2689259052276611
212,16,30,93,20,1,1.690903663635254
213,3,38,138,13,1,1.9102590084075928
214,20,30,94,3,1,1.5437347888946533
215,11,12,20,4,1,0.5658848285675049
216,7,19,87,6,1,1.220280647277832
217,14,32,70,13,1,1.3568482398986816
218,11,25,20,14,1,0.8178672790527344
219,6,40,206,11,1,2.5673675537109375
220,3,20,166,15,1,2.04880690574646
221,19,33,213,4,1,2.733541250228882
222,17,47,153,4,1,2.256565570831299
223,2,23,17,12,1,0.6603708267211914
224,3,47,24,7,1,0.8775794506072998
225,14,40,192,8,1,2.5317323207855225
226,6,32,36,14,1,0.9935910701751709
227,2,21,12,7,0,0.4160037040710449
228,4,31,25,19,1,0.8742983341217041
229,9,33,13,20,1,0.8984131813049316
230,5,20,11,8,0,0.7350368499755859
231,9,18,211,3,1,2.3320789337158203
232,11,36,72,14,1,1.4209864139556885
233,7,14,150,8,1,1.7773637771606445
234,13,15,61,5,1,1.013993501663208
235,7,41,183,1,1,2.2707271575927734
236,5,21,33,4,0,0.589496374130249
237,19,12,68,20,1,1.31858491897583
238,17,44,32,18,1,1.2397472858428955
239,7,37,80,8,1,1.3609726428985596
240,11,4,184,8,1,2.0353074073791504
241,6,38,11,6,1,0.713963508605957
242,1,9,168,12,1,1.8497259616851807
243,3,47,156,2,1,2.024257183074951
244,8,46,178,5,1,2.359076499938965
245,3,7,32,8,1,0.5830411911010742
246,20,8,43,5,1,0.8604393005371094
247,8,12,46,2,1,0.7197134494781494
248,19,14,133,3,1,1.711184024810791
249,15,37,165,13,1,2.3233485221862793
250,2,10,175,9,1,2.005756378173828
251,8,25,130,19,1,1.8750433921813965
252,12,24,168,13,1,2.1833407878875732
253,6,46,34,1,1,0.9551396369934082
254,4,44,166,14,1,2.291172981262207
255,1,37,22,3,1,0.6844027042388916
256,11,23,211,14,1,2.5435121059417725
257,10,19,153,18,1,2.0266222953796387
258,13,32,23,13,1,0.9910972118377686
259,17,2,28,10,1,0.6743824481964111
260,6,28,211,19,1,2.6254310607910156
261,1,6,189,15,1,2.0684192180633545
262,3,24,176,20,1,2.361213445663452
263,3,42,100,1,1,1.4663946628570557
264,17,9,20,3,0,0.4828617572784424
265,16,12,195,15,1,2.4081039428710938
266,10,27,41,11,1,1.0013670921325684
267,13,11,20,13,0,0.5699472427368164
268,18,15,142,12,1,1.8899540901184082
269,3,24,109,12,1,1.4967632293701172
270,3,6,108,12,1,1.323470115661621
271,13,28,151,12,1,2.9125916957855225
272,2,25,7,8,1,0.5112640857696533
273,7,33,74,16,1,1.351428508758545
274,15,34,8,14,1,0.8366682529449463
275,19,5,117,15,1,1.6142456531524658
276,13,12,143,8,1,1.7852027416229248
277,14,40,117,10,1,1.8631272315979004
278,2,13,177,13,1,1.9893875122070312
279,17,18,10,11,0,0.5725698471069336
280,5,26,64,11,1,1.0938189029693604
281,11,6,28,12,1,0.6724865436553955
282,19,7,16,9,0,0.5094859600067139
283,9,11,200,18,1,2.352581262588501
284,20,19,8,9,1,0.7252805233001709
285,7,47,176,10,1,2.3670973777770996
286,2,39,167,20,1,2.286066770553589
287,8,21,199,11,1,2.3921146392822266
288,18,46,179,9,1,2.550657033920288
289,15,36,20,16,1,1.045668363571167
290,9,14,130,6,1,1.5696079730987549
291,19,43,86,11,1,1.6604416370391846
292,4,8,168,7,1,1.8158414363861084
293,13,15,20,5,1,0.6504793167114258
294,8,15,89,2,1,1.1524922847747803
295,11,28,46,19,1,1.128406286239624
296,4,16,151,11,1,1.7813072204589844
297,16,15,189,15,1,2.391406536102295
298,18,35,71,14,1,1.5108153820037842
299,14,15,207,15,1,2.5078811645507812
300,9,4,174,4,1,1.9103918075561523
301,15,16,197,15,1,2.440992832183838
302,7,12,100,9,1,1.31154203414917
303,8,40,31,13,1,1.0148324966430664
304,6,30,198,5,1,2.3186142444610596
305,7,34,152,12,1,2.075523614883423
306,9,17,52,20,1,1.1070733070373535
307,18,24,12,20,1,0.9025423526763916
308,14,37,116,10,1,1.7798476219177246
309,14,29,175,12,1,2.2852344512939453
310,8,30,67,13,1,1.2664158344268799
311,1,47,114,7,1,1.6618406772613525
312,6,19,40,18,1,1.188044548034668
313,18,22,7,12,0,0.5832855701446533
314,5,33,131,3,1,1.6883840560913086
315,6,29,183,13,1,2.253913640975952
316,5,32,180,19,1,2.3572866916656494
317,13,7,151,1,1,1.7457771301269531
318,10,47,133,17,1,2.1056103706359863
319,19,36,190,13,1,2.5958075523376465
320,18,12,114,9,1,1.601675271987915
321,10,18,68,14,1,1.1606311798095703
322,16,33,169,7,1,2.213945150375366
323,3,39,186,10,1,2.3044700622558594
324,19,16,117,2,1,1.6061794757843018
325,13,31,24,13,1,0.9317455291748047
326,3,35,83,9,1,1.312145709991455
327,12,43,20,13,1,1.007106065750122
328,20,36,141,15,1,2.1987011432647705
329,3,43,203,7,1,3.1033244132995605
330,16,25,125,1,1,3.5753345489501953
331,20,22,152,4,1,2.0104928016662598
332,19,37,75,20,1,1.6418662071228027
333,20,44,48,2,1,1.232011318206787
334,20,2,6,5,1,0.47368550300598145
335,12,5,14,3,1,0.43546366691589355
336,16,42,34,17,1,1.2012288570404053
337,18,35,42,20,1,1.2871055603027344
338,19,22,132,17,1,1.939828634262085
339,7,14,66,14,1,1.0803673267364502
340,1,23,167,20,1,2.114365577697754
341,4,9,81,8,1,1.0913817882537842
342,18,8,132,3,1,1.6266443729400635
343,4,38,78,5,1,1.2689933776855469
344,9,5,175,13,1,2.0139541625976562
345,8,2,28,7,1,0.5405573844909668
346,6,18,105,18,1,1.5196540355682373
347,11,20,167,4,1,1.9960722923278809
348,3,25,18,1,0,0.4470560550689697
349,3,39,31,10,1,0.883845329284668
350,15,16,203,6,1,2.3742778301239014
351,1,42,168,3,1,2.186091423034668
352,15,17,7,13,1,0.7176566123962402
353,15,11,35,1,0,0.5831823348999023
354,9,33,129,11,1,1.8659026622772217
355,16,43,111,18,1,1.973606824874878
356,16,3,12,12,1,0.6011509895324707
357,14,37,55,17,1,1.345430850982666
358,10,4,65,14,1,1.01932954788208
359,17,4,135,16,1,1.8133318424224854
360,16,39,113,2,1,1.7642700672149658
361,20,2,29,6,1,0.7144417762756348
362,3,39,115,5,1,1.662074327468872
363,20,26,169,11,1,2.3425259590148926
364,8,9,74,13,1,1.1284282207489014
365,16,18,24,7,1,0.7942714691162109
366,7,46,181,8,1,2.4052979946136475
367,8,17,114,4,1,1.4480609893798828
368,2,29,181,18,1,2.2773032188415527
369,17,29,198,2,1,2.5247879028320312
370,8,36,213,18,1,2.859502077102661
371,8,46,75,18,1,1.6045386791229248
372,8,44,4,8,1,0.7671749591827393
373,18,8,119,14,1,1.6393015384674072
374,6,46,67,16,1,1.4202179908752441
375,18,45,106,15,1,1.9683268070220947
376,5,26,101,1,1,1.3420846462249756
377,18,30,143,7,1,1.9941649436950684
378,4,47,155,16,1,2.2197251319885254
379,10,33,143,18,1,2.171405792236328
380,4,31,72,4,1,1.1513011455535889
381,3,2,209,2,1,2.08432674407959
382,9,29,61,18,1,1.3509235382080078
383,3,11,117,18,1,1.58371901512146
384,3,15,114,4,1,1.4152212142944336
385,15,31,169,7,1,2.3171141147613525
386,19,22,71,2,1,1.2785403728485107
387,20,16,84,12,1,1.495173454284668
388,14,45,70,8,1,1.4874088764190674
389,20,25,109,18,1,1.9129605293273926
390,1,4,160,8,1,1.78273344039917
391,17,36,102,15,1,1.8716297149658203
392,9,12,196,12,1,3.304992198944092
393,3,9,134,16,1,1.7576920986175537
394,18,34,180,10,1,2.528393030166626
395,2,38,108,18,1,1.7893459796905518
396,13,16,26,9,0,0.6695764064788818
397,18,46,101,18,1,1.9043986797332764
398,3,3,44,15,1,0.7351169586181641
399,17,36,8,8,1,0.8304829597473145
400,14,16,152,19,1,2.0477511882781982
401,16,31,33,18,1,1.1243948936462402
402,5,24,133,15,1,1.769467830657959
403,18,18,174,9,1,2.1861560344696045
404,11,40,83,17,1,1.6213743686676025
405,8,34,56,14,1,1.2102856636047363
406,16,44,40,2,1,1.098250389099121
407,10,5,63,8,1,0.9235403537750244
408,12,36,27,7,1,0.899899959564209
409,10,26,7,12,0,0.5465207099914551
410,6,40,176,17,1,2.3765575885772705
411,1,31,22,6,1,0.6800944805145264
412,2,25,161,16,1,2.0100555419921875
413,3,43,7,7,1,0.6928591728210449
414,15,12,54,20,1,1.132115125656128
415,9,18,77,5,1,1.109778642654419
416,11,21,122,17,1,1.7514288425445557
417,13,15,53,20,1,1.131812334060669
418,20,4,31,5,1,0.7215087413787842
419,16,22,120,7,1,1.687727928161621
420,10,9,64,12,1,1.0282924175262451
421,10,12,65,7,1,0.9877119064331055
422,7,19,149,5,1,1.7535312175750732
423,12,36,165,20,1,2.3655266761779785
424,6,16,151,3,1,1.7356040477752686
425,5,43,61,2,1,1.1517632007598877
426,6,5,25,9,0,0.4543266296386719
427,6,2,110,17,1,1.3651504516601562
428,7,6,14,18,1,0.5650241374969482
429,10,34,108,14,1,1.7059073448181152
430,5,13,141,13,1,1.7235186100006104
431,6,8,65,13,1,0.9870929718017578
432,7,26,147,10,1,2.3575549125671387
433,8,28,186,7,1,2.689074754714966
434,10,26,149,3,1,2.116217613220215
435,11,14,197,16,1,2.9486887454986572
436,16,6,212,15,1,2.526663064956665
437,18,21,88,8,1,1.5319461822509766
438,6,41,51,13,1,1.1846263408660889
439,11,36,207,2,1,2.5037293434143066
440,12,30,208,11,1,2.5746564865112305
441,9,18,144,7,1,1.828416347503662
442,1,11,51,17,1,0.8775086402893066
443,13,4,198,16,1,2.2862062454223633
444,6,4,210,17,1,2.3757331371307373
445,8,20,17,19,0,0.8100645542144775
446,11,16,212,14,1,2.518615484237671
447,9,16,78,17,1,1.3366546630859375
448,10,33,84,17,1,1.5072343349456787
449,3,32,19,20,1,0.8534886837005615
450,19,37,96,12,1,1.7220730781555176
451,13,39,19,13,1,0.9630093574523926
452,20,3,210,18,1,2.5278196334838867
453,11,47,127,16,1,2.0753350257873535
454,14,25,145,14,1,2.038050413131714
455,9,46,80,8,1,1.4779448509216309
456,14,46,60,6,1,1.3323326110839844
457,3,6,1,11,0,0.2607870101928711
458,1,24,110,12,1,1.466942310333252
459,5,37,142,4,1,1.8507397174835205
460,14,14,183,19,1,2.3500869274139404
461,10,31,113,7,1,1.6500742435455322
462,20,39,25,6,1,1.0374178886413574
463,19,46,58,4,1,1.3415780067443848
464,19,30,8,11,1,0.8195910453796387
465,2,5,195,2,1,1.9384419918060303
466,12,3,58,19,1,1.0356924533843994
467,16,45,199,1,1,2.594053268432617
468,7,26,121,10,1,1.6647820472717285
469,10,3,145,15,1,1.7400391101837158
470,4,40,77,12,1,1.3583924770355225
471,12,39,90,3,1,1.4688506126403809
472,1,32,118,8,1,1.5812633037567139
473,18,4,199,5,1,2.2578766345977783
474,13,26,200,2,1,2.6312143802642822
475,20,44,53,16,1,1.487332820892334
476,20,29,41,7,1,1.0854132175445557
477,11,32,152,7,1,1.9990708827972412
478,2,33,15,15,1,0.7570605278015137
479,18,35,201,10,1,2.6364047527313232
480,10,25,135,9,1,1.8334522247314453
481,13,4,47,12,1,0.8668875694274902
482,17,4,127,3,1,1.5090670585632324
483,9,44,153,15,1,2.2056925296783447
484,16,4,108,14,1,1.4869608879089355
485,13,2,13,6,1,0.4577503204345703
486,11,28,136,15,1,1.9005537033081055
487,4,17,43,12,1,0.826927900314331
488,8,37,175,20,1,2.379410982131958
489,12,10,108,19,1,1.5856208801269531
490,15,45,183,4,1,2.4445016384124756
491,5,2,131,3,1,1.3856492042541504
492,5,47,122,2,1,1.7304584980010986
493,10,16,190,7,1,2.1568603515625
494,1,36,19,2,1,0.6458308696746826
495,4,7,155,6,1,1.667074203491211
496,19,21,17,12,0,0.6826045513153076
497,13,35,83,12,1,1.4788575172424316
498,5,13,106,3,1,1.2737042903900146
499,8,13,22,12,0,0.550269603729248
500,3,33,97,10,1,1.423203706741333
501,17,47,6,1,1,0.8160960674285889
502,10,10,103,12,1,1.399116039276123
503,14,16,108,13,1,1.559640884399414
504,11,47,31,17,1,1.1760509014129639
505,11,5,96,14,1,1.3233208656311035
506,11,24,95,18,1,1.5601401329040527
507,8,6,56,19,1,0.9781310558319092
508,4,15,194,20,1,2.2995684146881104
509,15,16,150,15,1,2.0181884765625
510,1,20,1,17,0,0.48534464836120605
511,18,14,84,9,1,1.3200676441192627
512,13,42,67,10,1,1.370786190032959
513,14,15,68,19,1,1.4736032485961914
514,1,25,28,14,0,0.6695375442504883
515,1,9,11,1,1,0.2696242332458496
516,6,15,121,17,1,1.6020843982696533
517,3,5,132,19,1,1.625788927078247
518,7,16,2,5,0,0.33643317222595215
519,13,46,51,19,1,1.4641764163970947
520,8,28,118,9,1,1.9469993114471436
521,13,36,11,10,1,0.8211812973022461
522,17,9,7,1,1,0.47278881072998047
523,3,12,34,14,0,0.5985238552093506
524,6,24,35,8,1,0.7954006195068359
525,16,39,35,8,1,1.072638750076294
526,5,16,185,7,1,2.0838332176208496
527,4,35,143,4,1,1.953904628753662
528,9,43,44,16,1,1.2207226753234863
529,2,30,48,7,1,0.9173564910888672
530,7,10,90,1,1,1.078533411026001
531,9,32,146,9,1,1.9451122283935547
532,6,10,132,4,1,1.5099539756774902
533,1,14,114,6,1,1.3404629230499268
534,14,44,194,3,1,2.5428895950317383
535,7,32,204,6,1,2.4756901264190674
536,16,21,205,5,1,2.4855635166168213
537,4,5,57,5,1,0.7854757308959961
538,18,40,202,17,1,2.9147486686706543
539,16,15,36,2,1,0.8061983585357666
540,20,45,57,19,1,1.539092779159546
541,10,26,92,13,1,1.480741024017334
542,15,26,196,10,1,2.4418652057647705
543,1,28,128,11,1,1.6768805980682373
544,3,34,73,10,1,1.239459753036499
545,14,17,128,19,1,1.8372035026550293
546,18,45,113,6,1,1.8596060276031494
547,19,31,152,15,1,2.201549768447876
548,8,22,137,16,1,1.8491692543029785
549,19,33,43,10,1,1.1883692741394043
550,10,35,75,18,1,1.4451055526733398
551,13,42,105,16,1,1.7885942459106445
552,8,14,68,1,1,0.9510793685913086
553,4,39,122,8,1,1.6779253482818604
554,6,19,205,17,1,2.4069340229034424
555,11,27,9,1,1,0.6113348007202148
556,9,8,187,14,1,2.1288821697235107
557,12,42,146,18,1,2.1961119174957275
558,5,28,105,8,1,1.508070707321167
559,2,26,153,16,1,1.9230740070343018
560,1,23,82,18,1,1.2892968654632568
561,11,47,58,12,1,1.4956161975860596
562,18,22,137,5,1,1.8116600513458252
563,6,13,134,5,1,1.558319091796875
564,16,10,158,10,1,1.9276707172393799
565,19,2,162,16,1,1.9956939220428467
566,2,4,28,6,1,0.48313260078430176
567,4,20,115,16,1,1.53812837600708
568,16,8,23,13,0,0.5965735912322998
569,8,39,50,1,1,1.0090487003326416
570,4,36,69,8,1,1.1967453956604004
571,15,28,81,19,1,1.510956048965454
572,19,12,142,5,1,1.785470724105835
573,15,31,77,13,1,1.4207897186279297
574,1,40,109,4,1,1.4919085502624512
575,6,16,26,4,1,0.5929653644561768
576,16,10,182,20,1,2.2775471210479736
577,4,32,77,9,1,1.2539138793945312
578,1,35,160,16,1,2.0589661598205566
579,3,10,132,9,1,1.505432367324829
580,4,5,91,17,1,1.2010612487792969
581,12,16,40,11,1,0.8723011016845703
582,18,34,175,4,1,2.2711594104766846
583,15,30,145,11,1,2.0021414756774902
584,20,2,209,16,1,2.460268497467041
585,8,31,124,10,1,1.7519173622131348
586,9,8,207,10,1,2.2678463459014893
587,20,24,16,2,0,0.6120562553405762
588,16,3,40,2,1,0.6788952350616455
589,6,2,123,17,1,1.4913527965545654
590,12,10,65,10,1,1.0310142040252686
591,3,30,132,13,1,1.7451605796813965
592,9,37,99,8,1,1.5474958419799805
593,8,8,32,19,0,0.6749770641326904
594,14,2,66,6,1,0.9409010410308838
595,12,23,123,8,1,1.6571733951568604
596,11,26,103,5,1,1.4517366886138916
597,7,19,50,14,1,0.9654667377471924
598,15,11,24,4,1,0.6284074783325195
599,1,44,43,13,1,1.0439462661743164
600,10,35,134,14,1,1.92802095413208
601,12,26,98,14,1,1.577209234237671
602,4,6,78,3,1,0.9183547496795654
603,17,42,67,6,1,1.386268138885498
604,7,7,170,19,1,1.9819703102111816
605,13,20,17,2,1,0.62626051902771
606,20,27,81,2,1,1.355499505996704
607,5,5,35,17,0,0.8108425140380859
608,16,25,108,7,1,1.5827772617340088
609,2,28,27,8,1,0.7095098495483398
610,11,38,73,20,1,1.4815330505371094
611,15,44,58,9,1,1.327458381652832
612,7,31,49,1,1,0.916750431060791
613,8,3,59,12,1,0.8792150020599365
614,4,46,33,4,1,0.9032707214355469
615,6,14,33,14,1,0.7397890090942383
616,14,22,5,13,1,0.6668038368225098
617,18,46,56,7,1,1.3557586669921875
618,3,22,208,19,1,2.469788074493408
619,10,25,87,3,1,1.2922987937927246
620,14,30,190,1,1,2.2796647548675537
621,12,29,124,5,1,1.7014167308807373
622,12,13,1,17,0,0.4712951183319092
623,16,5,19,15,1,0.6644530296325684
624,3,25,110,9,1,1.435683012008667
625,8,7,106,20,1,1.4374020099639893
626,3,20,153,20,1,1.9678308963775635
627,17,6,166,19,1,2.1443912982940674
628,8,15,86,11,1,1.2746965885162354
629,10,29,19,19,1,0.8794164657592773
630,20,29,133,5,1,1.8805789947509766
631,4,40,40,1,1,0.9007091522216797
632,11,10,28,15,1,0.7280600070953369
633,20,29,52,3,1,1.1039202213287354
634,18,5,20,10,0,0.5155730247497559
635,2,22,102,1,1,1.2446374893188477
636,1,39,56,12,1,1.1016826629638672
637,10,44,189,2,1,2.3457815647125244
638,8,15,180,13,1,2.142921209335327
639,18,46,67,15,1,1.5841166973114014
640,3,34,46,7,1,0.9266343116760254
641,6,28,22,8,1,0.7088840007781982
642,3,47,69,12,1,1.3153235912322998
643,6,18,142,1,1,1.6052868366241455
644,18,28,35,9,1,1.0042240619659424
645,5,40,136,6,1,1.8317656517028809
646,8,46,129,19,1,2.0329718589782715
647,10,23,16,2,0,0.4952704906463623
648,12,15,71,15,1,1.1842820644378662
649,1,22,78,7,1,1.0630486011505127
650,3,18,25,13,1,0.6620209217071533
651,19,6,14,13,1,0.6460824012756348
652,13,35,173,3,1,2.1847469806671143
653,17,25,37,2,1,0.9040341377258301
654,19,29,80,15,1,1.499634027481079
655,6,9,102,9,1,1.252352237701416
656,18,28,162,18,1,2.2840709686279297
657,7,16,30,2,0,0.5258986949920654
658,11,7,152,5,1,2.60127592086792
659,12,6,20,14,0,0.5473637580871582
660,17,27,105,13,1,1.6847546100616455
661,12,14,5,7,1,0.49941205978393555
662,2,42,179,1,1,2.19443941116333
663,20,44,31,16,1,1.2527992725372314
664,2,20,99,11,1,1.3321890830993652
665,6,4,84,5,1,1.0187947750091553
666,18,36,201,10,1,2.626300096511841
667,16,19,8,4,1,0.6172471046447754
668,20,47,89,18,1,1.8503949642181396
669,13,39,151,5,1,2.0598251819610596
670,9,28,102,2,1,1.4154486656188965
671,7,18,112,1,1,1.3835725784301758
672,11,43,74,19,1,1.526970386505127
673,3,24,124,18,1,1.7029645442962646
674,6,32,121,11,1,1.7041821479797363
675,6,9,60,10,1,0.9084007740020752
676,3,47,64,10,1,1.319014072418213
677,15,31,168,20,1,2.3714728355407715
678,1,4,47,12,1,0.7185020446777344
679,20,19,167,18,1,2.251251697540283
680,6,24,77,19,1,1.3433806896209717
681,13,9,37,14,0,0.7551138401031494
682,7,22,158,12,1,1.9946789741516113
683,2,21,108,13,1,1.4637272357940674
684,15,37,106,2,1,1.6540327072143555
685,1,36,56,13,1,1.135265588760376
686,6,8,69,17,1,1.0850610733032227
687,3,24,196,9,1,2.2586889266967773
688,12,8,29,16,0,0.707470178604126
689,5,39,127,14,1,1.9060657024383545
690,15,26,164,8,1,2.131653070449829
691,17,28,55,13,1,1.2372498512268066
692,20,2,115,9,1,1.509392499923706
693,15,22,35,6,1,0.8811402320861816
694,1,44,156,18,1,2.173241376876831
695,6,45,209,1,1,2.515787124633789
696,17,14,67,10,1,1.2143301963806152
697,17,13,131,3,1,1.6478989124298096
698,15,40,89,13,1,1.6392943859100342
699,7,19,14,13,1,0.6414213180541992
700,4,34,123,8,1,1.6567983627319336
701,20,37,186,18,1,3.515719175338745
702,11,19,13,7,1,0.6257908344268799
703,3,10,131,18,1,1.5909664630889893
704,7,21,2,15,0,0.480618953704834
705,11,21,3,10,0,0.4528834819793701
706,12,15,34,1,1,0.6866259574890137
707,14,10,21,13,1,0.6801013946533203
708,20,41,80,12,1,1.5786433219909668
709,6,8,22,7,0,0.42066001892089844
710,19,31,97,12,1,1.6632766723632812
711,14,21,22,1,0,0.5305073261260986
712,8,6,206,6,1,2.195054769515991
713,12,43,212,5,1,2.680622100830078
714,14,17,162,4,1,2.0061299800872803
715,19,29,110,17,1,1.8706409931182861
716,10,25,29,20,0,0.823065996170044
717,7,20,135,19,1,1.8220179080963135
718,9,23,14,16,1,0.7395498752593994
719,4,33,98,11,1,1.4486069679260254
720,13,22,147,12,1,1.93025803565979
721,2,42,208,17,1,2.623298168182373
722,20,8,5,6,0,0.4563000202178955
723,15,44,155,9,1,2.194362163543701
724,2,8,171,15,1,1.9411871433258057
725,8,31,167,3,1,2.04744553565979
726,9,21,4,13,1,0.598344087600708
727,3,6,5,9,0,0.25791096687316895
728,10,36,68,16,1,1.3403499126434326
729,1,20,103,3,1,1.2211508750915527
730,13,46,117,17,1,1.944199800491333
731,17,44,152,14,1,2.293701648712158
732,14,17,6,11,0,0.5172030925750732
733,17,6,135,14,1,1.7301576137542725
734,12,12,180,12,1,2.1261346340179443
735,9,6,147,9,1,1.7450993061065674
736,18,20,35,5,1,0.8942461013793945
737,4,8,89,14,1,1.161003828048706
738,3,39,170,18,1,2.258479118347168
739,6,47,187,11,1,2.484722375869751
740,1,33,201,15,1,2.5159363746643066
741,14,45,145,18,1,2.314596176147461
742,6,39,191,11,1,2.44931960105896
743,8,16,21,3,1,0.6004188060760498
744,10,45,109,14,1,1.963047742843628
745,10,33,49,17,1,1.180689811706543
746,9,16,15,11,0,0.5036807060241699
747,9,44,163,4,1,2.139831066131592
748,8,15,201,5,1,2.204740524291992
749,16,34,69,4,1,1.3050658702850342
750,11,20,94,10,1,1.391094446182251
751,20,41,18,7,1,0.9853494167327881
752,5,34,100,14,1,1.529284954071045
753,14,45,197,15,1,2.71567702293396
754,16,6,113,18,1,1.625852108001709
755,13,7,90,9,1,1.242971420288086
756,19,18,212,6,1,2.4889917373657227
757,18,33,128,3,1,1.8388559818267822
758,12,13,31,18,1,0.8605091571807861
759,7,24,55,6,1,0.9698245525360107
760,4,22,194,15,1,2.2704148292541504
761,2,8,116,12,1,1.4124610424041748
762,19,39,105,11,1,1.8053359985351562
763,12,9,19,7,1,0.5828754901885986
764,10,37,166,3,1,2.0989294052124023
765,17,39,97,9,1,1.6661815643310547
766,9,46,61,9,1,1.3166816234588623
767,12,27,16,9,1,0.7409327030181885
768,11,38,17,18,1,0.9451532363891602
769,4,37,73,20,1,1.3742585182189941
770,15,16,76,20,1,1.3544738292694092
771,19,27,185,4,1,2.310429811477661
772,8,15,137,8,1,1.6789464950561523
773,18,20,197,12,1,2.4502944946289062
774,17,26,25,10,1,0.932520866394043
775,18,39,164,3,1,2.230902671813965
776,18,16,132,10,1,1.8023598194122314
777,3,8,17,19,1,0.5791490077972412
778,12,17,14,18,1,0.7405703067779541
779,5,28,100,13,1,1.4848284721374512
780,10,36,202,2,1,2.415546178817749
781,12,32,113,7,1,1.6674067974090576
782,15,16,167,15,1,2.1255953311920166
783,17,11,153,17,1,2.007371425628662
784,16,13,186,14,1,2.3164453506469727
785,5,23,195,19,1,2.6858713626861572
786,5,9,17,12,0,0.6145119667053223
787,3,41,137,2,1,1.759221076965332
788,13,10,130,9,1,1.6359155178070068
789,15,46,204,6,1,2.6543517112731934
790,18,42,138,5,1,2.052816867828369
791,18,28,57,15,1,1.2908811569213867
792,11,26,174,5,1,2.1061480045318604
793,5,44,193,7,1,2.429428815841675
794,11,36,109,2,1,1.5944535732269287
795,8,17,61,10,1,1.008498191833496
796,10,2,19,3,0,0.33882665634155273
797,5,18,87,19,1,1.3263864517211914
798,1,32,95,12,1,1.3930985927581787
799,3,22,124,7,1,1.5300800800323486
800,8,3,148,1,1,1.5465476512908936
801,9,37,204,4,1,2.449227809906006
802,10,41,5,19,1,0.8921406269073486
803,12,7,196,2,1,2.0912816524505615
804,1,15,109,18,1,1.4330615997314453
805,5,38,162,17,1,2.196194887161255
806,9,4,29,1,1,0.5108327865600586
807,10,46,92,18,1,1.7100279331207275
808,4,19,211,12,1,2.3952980041503906
809,6,29,62,7,1,1.112069845199585
810,16,33,29,2,1,0.8816173076629639
811,1,3,20,3,1,0.3172314167022705
812,2,41,159,18,1,2.134453773498535
813,5,14,37,19,1,0.839860200881958
814,13,31,55,13,1,1.1935381889343262
815,9,35,119,11,1,1.710015058517456
816,20,16,215,16,1,2.629535675048828
817,9,10,85,8,1,1.1864840984344482
818,3,33,165,8,1,2.0227127075195312
819,6,29,211,3,1,2.3947012424468994
820,12,6,45,14,1,0.9034669399261475
821,8,26,29,18,1,0.8984715938568115
822,14,38,78,13,1,1.4712860584259033
823,2,22,31,17,1,0.7969903945922852
824,11,2,78,6,1,0.9969029426574707
825,17,18,49,16,1,1.1010682582855225
826,6,30,65,11,1,1.1490185260772705
827,19,4,48,11,1,0.9342532157897949
828,8,7,122,9,1,1.4388718605041504
829,1,5,52,10,1,0.7128610610961914
830,16,15,127,20,1,2.6701548099517822
831,2,27,111,11,1,1.506446361541748
832,9,1,18,12,0,0.4373953342437744
833,13,28,187,11,1,2.343618631362915
834,5,33,128,9,1,1.724367380142212
835,8,31,114,16,1,1.7162928581237793
836,17,19,153,12,1,2.0089774131774902
837,4,23,159,16,1,2.013899087905884
838,20,13,152,9,1,1.9698944091796875
839,20,11,50,13,1,1.0612905025482178
840,9,26,99,11,1,1.4770104885101318
841,20,33,152,20,1,2.2764759063720703
842,5,45,146,20,1,2.196646213531494
843,14,24,9,2,0,0.5095303058624268
844,3,36,119,20,1,1.7731521129608154
845,5,5,104,13,1,1.2748990058898926
846,1,21,58,8,1,0.8994712829589844
847,2,18,197,15,1,2.2259809970855713
848,5,19,152,4,1,1.8139119148254395
849,7,5,16,19,1,0.6331117153167725
850,18,20,76,19,1,1.4045777320861816
851,7,22,7,9,0,0.45281505584716797
852,2,33,114,6,1,1.512150764465332
853,19,8,110,13,1,1.5370244979858398
854,5,36,123,2,1,1.6297016143798828
855,7,37,184,11,1,2.3363261222839355
856,4,1,5,8,0,0.2468714714050293
857,11,20,34,12,1,0.8501453399658203
858,10,11,71,8,1,1.0360708236694336
859,8,29,130,18,1,1.8465337753295898
860,7,44,115,20,1,1.8805279731750488
861,10,2,214,1,1,2.211099624633789
862,13,12,189,10,1,2.2537715435028076
863,12,44,105,3,1,1.6689679622650146
864,3,5,52,14,1,0.7990279197692871
865,4,6,103,9,1,1.2091715335845947
866,5,33,211,14,1,2.5345304012298584
867,18,5,149,2,1,1.7927312850952148
868,17,8,110,20,1,1.6496672630310059
869,19,24,71,8,1,1.2913167476654053
870,10,36,122,13,1,1.8195204734802246
871,2,21,190,15,1,3.146116256713867
872,6,28,117,11,1,1.6451551914215088
873,3,22,14,9,0,0.47240281105041504
874,10,15,5,1,0,0.3009810447692871
875,11,46,110,6,1,1.7561802864074707
876,18,42,50,19,1,1.4025888442993164
877,13,35,146,17,1,2.105072259902954
878,16,14,33,17,0,0.7945637702941895
879,15,16,179,14,1,2.211536169052124
880,19,31,25,15,1,1.035459041595459
881,17,11,47,9,1,0.9261062145233154
882,14,22,35,15,0,0.8036878108978271
883,5,39,77,15,1,1.3809828758239746
884,18,13,141,11,1,1.8412823677062988
885,9,12,213,18,1,2.457476854324341
886,2,22,108,8,1,1.444117784500122
887,13,43,60,16,1,1.38655686378479
888,5,10,103,9,1,1.2590670585632324
889,4,27,47,11,1,0.9384291172027588
890,20,20,17,10,0,0.6421999931335449
891,3,16,214,13,1,2.3528573513031006
892,1,26,63,3,1,0.9533357620239258
893,13,19,5,10,1,0.5924160480499268
894,14,35,183,9,1,2.35860013961792
895,8,8,56,15,1,0.9433808326721191
896,18,12,124,10,1,1.6559226512908936
897,16,14,9,4,1,0.5436296463012695
898,2,2,156,3,1,1.5393784046173096
899,1,8,177,2,1,1.7793138027191162
900,1,44,197,2,1,2.356727361679077
901,17,47,201,10,1,2.697195291519165
902,14,29,110,7,1,1.648322582244873
903,18,12,33,15,1,0.9013361930847168
904,3,3,27,14,0,0.4874110221862793
905,9,30,45,13,1,1.0384557247161865
906,11,4,190,16,1,2.137263298034668
907,2,18,16,19,1,0.6613306999206543
908,4,20,131,20,1,1.7401766777038574
909,3,12,126,14,1,1.5443322658538818
910,13,20,170,15,1,2.163919448852539
911,14,17,92,11,1,1.3830699920654297
912,19,12,101,15,1,1.5567681789398193
913,17,3,107,17,1,1.5046770572662354
914,14,15,140,12,1,1.8098180294036865
915,17,45,49,18,1,1.395780086517334
916,14,16,144,9,1,1.9328908920288086
917,16,30,35,18,1,1.1114449501037598
918,18,16,193,13,1,2.3728082180023193
919,18,26,117,18,1,1.8481817245483398
920,16,4,123,5,1,1.520578384399414
921,17,14,173,13,1,2.1428754329681396
922,15,26,138,10,1,1.9126079082489014
923,6,35,168,20,1,2.3267858028411865
924,8,28,194,18,1,2.442965269088745
925,18,47,5,12,1,1.0661494731903076
926,12,3,165,10,1,1.886413812637329
927,10,30,113,17,1,1.729959487915039
928,3,4,126,1,1,1.3059399127960205
929,6,25,151,14,1,1.9285287857055664
930,1,14,27,18,0,0.6214251518249512
931,3,25,90,8,1,1.2679471969604492
932,18,9,193,10,1,2.250767707824707
933,18,47,105,16,1,1.9628963470458984
934,2,46,144,1,1,1.8556773662567139
935,16,41,158,9,1,2.2170207500457764
936,6,30,64,9,1,1.1529273986816406
937,12,43,174,18,1,2.449402093887329
938,5,46,63,2,1,1.1866741180419922
939,1,17,119,9,1,1.420006513595581
940,20,6,87,1,1,1.1892540454864502
941,6,25,74,5,1,1.1143085956573486
942,15,40,98,7,1,1.6352570056915283
943,2,38,156,3,1,1.8936612606048584
944,16,38,63,2,1,1.2563560009002686
945,4,16,21,7,1,0.553656816482544
946,16,8,198,14,1,2.317711114883423
947,16,28,96,14,1,1.5937843322753906
948,2,6,107,2,1,1.1719684600830078
949,4,45,16,15,1,0.8839564323425293
950,15,8,144,14,1,1.7967383861541748
951,20,39,164,13,1,2.3935046195983887
952,15,34,11,6,1,0.8038122653961182
953,5,24,96,6,1,1.3086602687835693
954,7,43,95,13,1,1.5852415561676025
955,10,26,49,17,1,1.1061103343963623
956,5,47,35,5,1,0.9690783023834229
957,9,26,161,12,1,2.483194589614868
958,6,8,62,18,1,1.0035724639892578
959,7,41,205,20,1,2.7228758335113525
960,5,3,46,3,1,0.6476974487304688
961,2,8,91,16,1,1.170914649963379
962,19,24,4,3,1,0.6252281665802002
963,3,36,93,20,1,1.5324103832244873
964,14,33,114,6,1,1.668938398361206
965,19,4,139,15,1,1.810619831085205
966,11,22,67,7,1,1.1336426734924316
967,14,36,94,7,1,1.5295000076293945
968,2,40,89,12,1,1.4228038787841797
969,8,21,14,4,0,0.44599342346191406
970,5,20,68,16,1,1.1289763450622559
971,18,11,27,17,0,0.7135269641876221
972,20,38,171,12,1,2.3898396492004395
973,18,22,40,10,1,1.0100913047790527
974,2,23,172,5,1,1.9401180744171143
975,19,29,87,19,1,1.6184914112091064
976,9,22,77,11,1,1.2488760948181152
977,18,18,205,14,1,2.508115291595459
978,20,7,179,8,1,2.1324119567871094
979,6,14,98,12,1,1.374342679977417
980,17,18,35,2,0,0.6533658504486084
981,20,19,7,4,1,0.6208913326263428
982,6,6,148,13,1,1.6930208206176758
983,16,33,29,7,1,0.9481120109558105
984,11,7,144,1,1,1.5795958042144775
985,16,10,99,13,1,1.42909574508667
986,2,29,20,11,1,0.6939008235931396
987,1,18,93,12,1,1.227546215057373
988,9,27,98,18,1,1.5673840045928955
989,18,20,35,12,0,0.8110055923461914
990,8,17,45,17,1,0.9406402111053467
991,20,39,160,7,1,2.2629458904266357
992,16,9,32,2,0,0.5599465370178223
993,4,39,162,2,1,2.003352165222168
994,8,36,153,8,1,2.03064227104187
995,2,14,151,11,1,1.7499363422393799
996,11,38,203,12,1,2.616471767425537
997,10,29,149,1,1,1.9017457962036133
998,2,23,15,1,0,0.38631534576416016
999,14,13,168,18,1,2.1227245330810547
1000,2,36,135,19,1,1.9277980327606201
1001,1,29,186,11,1,2.8510994911193848
1002,9,40,147,7,1,2.0229332447052
1003,14,23,30,15,0,0.8211081027984619
1004,20,27,23,19,1,1.0361406803131104
1005,7,33,59,9,1,1.1279501914978027
1006,2,43,135,5,1,1.7981970310211182
1007,13,8,20,6,0,0.4779355525970459
1008,11,8,9,17,1,0.5761661529541016
1009,3,33,116,12,1,1.6259868144989014
1010,14,30,153,7,1,2.040722370147705
1011,13,41,29,10,1,1.0680437088012695
1012,4,15,79,8,1,1.068030595779419
1013,7,5,42,11,1,0.7251510620117188
1014,1,13,120,1,1,1.3035929203033447
1015,4,26,194,15,1,2.344726085662842
1016,17,8,65,17,1,1.2041943073272705
1017,17,32,88,20,1,1.6396193504333496
1018,9,15,173,18,1,2.16219162940979
1019,14,29,23,15,1,0.9647588729858398
1020,1,14,37,4,0,0.5137717723846436
1021,8,28,214,12,1,2.561123847961426
1022,15,31,199,17,1,2.588240146636963
1023,12,16,92,4,1,1.3749573230743408
1024,7,26,13,15,0,0.5981941223144531
1025,7,33,95,17,1,1.5422840118408203
1026,2,43,75,19,1,1.4135684967041016
1027,6,2,6,10,0,0.2922070026397705
1028,11,36,128,13,1,1.8941140174865723
1029,6,7,24,13,1,0.598092794418335
1030,10,12,63,5,1,0.9400296211242676
1031,14,42,127,4,1,1.8504135608673096
1032,7,3,38,6,0,0.5228316783905029
1033,16,25,147,6,1,1.9187593460083008
1034,12,7,50,2,1,0.7677311897277832
1035,12,14,78,5,1,1.135497808456421
1036,20,31,194,1,1,2.3904354572296143
1037,11,9,142,10,1,1.7075037956237793
1038,10,20,44,4,1,0.8518054485321045
1039,3,46,33,20,1,1.0851893424987793
1040,17,15,14,11,1,0.6997940540313721
1041,9,40,214,9,1,2.6452841758728027
1042,10,45,22,2,1,0.8741512298583984
1043,13,15,37,4,0,0.6248493194580078
1044,20,16,5,5,0,0.4381694793701172
1045,7,25,11,6,1,0.5510144233703613
1046,8,27,183,3,1,2.1386282444000244
1047,16,41,64,19,1,1.4937996864318848
1048,1,33,107,9,1,1.4746687412261963
1049,11,21,106,19,1,1.6017358303070068
1050,12,43,200,10,1,3.5160892009735107
1051,7,3,214,8,1,2.2532200813293457
1052,10,18,96,19,1,1.513338565826416
1053,6,37,163,14,1,2.1652534008026123
1054,11,28,109,6,1,1.5371875762939453
1055,5,25,106,12,1,1.468458652496338
1056,1,19,122,11,1,1.5157101154327393
1057,8,13,59,4,1,0.8965144157409668
1058,20,5,25,9,1,0.7126955986022949
1059,9,3,102,6,1,1.1928889751434326
1060,10,35,62,11,1,1.2480580806732178
1061,14,42,210,15,1,2.850952625274658
1062,6,16,51,17,1,0.9892075061798096
1063,3,23,121,15,1,1.5918753147125244
1064,4,41,120,17,1,1.8215396404266357
1065,10,2,3,14,1,0.43305063247680664
1066,7,30,45,10,1,0.9655907154083252
1067,12,2,69,7,1,0.9432189464569092
1068,14,31,30,10,1,0.9343621730804443
1069,7,26,98,9,1,1.3974871635437012
1070,12,19,208,14,1,2.467190742492676
1071,7,42,95,7,1,1.5293452739715576
1072,14,47,126,19,1,2.0810012817382812
1073,11,44,103,14,1,1.7631492614746094
1074,8,30,170,10,1,2.1037254333496094
1075,2,44,7,7,1,0.6890861988067627
1076,18,22,26,11,1,0.8739230632781982
1077,17,7,121,11,1,1.5759155750274658
1078,9,5,74,6,1,0.9774377346038818
1079,18,7,22,3,0,0.4723384380340576
1080,13,18,182,10,1,2.163936138153076
1081,4,29,167,5,1,1.995215892791748
1082,13,13,165,10,1,2.011082410812378
1083,8,6,189,2,1,1.9687097072601318
1084,4,12,125,11,1,1.528398036956787
1085,8,32,91,10,1,1.4483046531677246
1086,16,33,100,10,1,1.6461162567138672
1087,17,3,33,2,0,0.5240180492401123
1088,3,38,132,4,1,1.7025363445281982
1089,19,10,58,3,1,0.9680078029632568
1090,1,7,132,12,1,1.4783573150634766
1091,7,35,64,1,1,1.0888652801513672
1092,18,45,142,6,1,2.106799364089966
1093,2,38,84,20,1,1.45904541015625
1094,4,32,137,5,1,2.6319448947906494
1095,17,21,36,6,0,0.7521593570709229
1096,13,18,9,3,1,0.5256352424621582
1097,13,27,156,2,1,1.9290204048156738
1098,3,19,178,12,1,2.050215005874634
1099,5,17,27,13,1,0.7234687805175781
1100,3,44,200,20,1,2.701526641845703
1101,10,19,142,18,1,1.9089274406433105
1102,2,14,14,5,0,0.4124484062194824
1103,5,43,68,14,1,1.3403301239013672
1104,13,46,152,17,1,2.2885496616363525
1105,12,5,45,6,1,0.7646312713623047
1106,11,4,115,18,1,1.5055522918701172
1107,4,31,75,2,1,1.1172597408294678
1108,11,6,11,12,1,0.5122559070587158
1109,6,16,79,20,1,1.2481374740600586
1110,6,38,50,16,1,1.1659598350524902
1111,11,17,105,1,1,1.344508409500122
1112,18,43,94,18,1,1.7858173847198486
1113,10,27,40,7,1,0.9092998504638672
1114,4,2,50,20,1,0.8230996131896973
1115,1,3,42,3,1,0.5171403884887695
1116,17,3,163,13,1,1.9432110786437988
1117,15,47,47,1,1,1.1667845249176025
1118,19,15,156,17,1,2.092834949493408
1119,8,45,181,8,1,2.367246150970459
1120,18,36,63,6,1,1.3324427604675293
1121,6,32,204,2,1,2.3081111907958984
1122,9,24,32,1,1,0.7379724979400635
1123,17,20,29,1,0,0.5972349643707275
1124,7,38,145,14,1,2.028902530670166
1125,4,17,214,1,1,2.263321876525879
1126,6,35,78,19,1,1.468430995941162
1127,6,18,81,7,1,1.1273231506347656
1128,5,20,9,17,0,0.5301501750946045
1129,3,42,85,18,1,1.500838279724121
1130,16,22,85,20,1,1.4972400665283203
1131,16,43,96,8,1,1.6843912601470947
1132,11,44,84,13,1,1.552436113357544
1133,18,33,208,16,1,2.820134401321411
1134,13,25,68,3,1,1.1664810180664062
1135,20,23,31,13,0,0.8251168727874756
1136,8,21,167,18,1,2.099785089492798
1137,20,6,18,19,0,0.6565587520599365
1138,18,18,36,12,1,0.9488921165466309
1139,7,21,189,17,1,2.279480457305908
1140,18,43,170,13,1,2.4576239585876465
1141,9,46,125,10,1,1.9394893646240234
1142,18,38,115,12,1,1.8572063446044922
1143,1,38,70,10,1,1.2051007747650146
1144,12,29,75,8,1,1.2686827182769775
1145,15,12,114,14,1,1.5733306407928467
1146,5,7,9,3,1,0.3211524486541748
1147,5,4,167,18,1,1.8980655670166016
1148,9,20,42,16,1,0.9563620090484619
1149,5,37,6,13,1,0.6994946002960205
1150,5,31,105,11,1,1.5048470497131348
1151,20,43,71,19,1,1.636228322982788
1152,3,15,56,10,1,0.8717119693756104
1153,2,30,39,5,1,0.7849817276000977
1154,16,29,44,20,1,1.1932036876678467
1155,5,29,93,8,1,1.3338842391967773
1156,4,15,211,13,1,2.312913656234741
1157,14,24,63,19,1,1.3336963653564453
1158,8,44,25,17,1,1.0298144817352295
1159,20,35,102,3,1,1.631821870803833
1160,1,10,90,20,1,1.2225093841552734
1161,14,31,84,10,1,1.4203662872314453
1162,17,27,120,12,1,1.7744996547698975
1163,9,15,151,8,1,1.812147855758667
1164,15,11,29,14,0,0.6845123767852783
1165,7,28,120,6,1,1.5961954593658447
1166,17,40,169,2,1,2.232529878616333
1167,15,28,105,10,1,1.640214204788208
1168,2,16,18,11,1,0.5541472434997559
1169,15,37,213,2,1,2.5963165760040283
1170,18,20,34,2,0,0.686032772064209
1171,7,47,191,19,1,2.5747499465942383
1172,14,41,17,11,1,0.9521007537841797
1173,8,34,7,4,1,0.616004467010498
1174,1,1,13,20,0,0.3835899829864502
1175,14,28,173,18,1,2.3166911602020264
1176,2,4,46,19,1,0.7878859043121338
1177,17,19,21,14,1,0.829714298248291
1178,1,19,158,1,1,1.7065069675445557
1179,1,37,132,17,1,1.8654634952545166
1180,15,23,28,5,1,0.8045811653137207
1181,14,28,99,3,1,1.4540855884552002
1182,13,42,33,3,1,0.986797571182251
1183,17,10,82,7,1,1.215052604675293
1184,11,5,164,19,1,1.9829001426696777
1185,18,2,5,12,1,0.5415992736816406
1186,17,35,3,1,1,0.6630964279174805
1187,2,5,195,3,1,2.2629520893096924
1188,11,41,17,16,1,0.9882004261016846
1189,7,4,124,18,1,1.5327491760253906
1190,2,34,165,20,1,2.197857618331909
1191,15,10,21,4,1,0.6291220188140869
1192,20,9,162,4,1,1.959510087966919
1193,6,27,199,1,1,2.250380516052246
1194,4,45,85,11,1,1.4830162525177002
1195,19,24,193,3,1,2.3273565769195557
1196,19,21,93,20,1,1.6272873878479004
1197,16,4,61,19,1,1.102921724319458
1198,6,18,150,7,1,1.7658131122589111
1199,10,25,135,6,1,1.7591729164123535
1200,16,11,36,8,1,0.8276975154876709
1201,15,20,153,10,1,1.9659678936004639
1202,10,20,141,12,1,1.8389053344726562
1203,1,7,31,1,0,0.38527798652648926
1204,2,31,195,2,1,2.18173885345459
1205,13,42,27,15,1,1.1116039752960205
1206,16,11,204,2,1,2.2522213459014893
1207,14,4,128,1,1,1.4648983478546143
1208,13,37,41,15,1,1.1690752506256104
1209,19,8,199,3,1,2.2270443439483643
1210,3,3,201,5,1,2.066580057144165
1211,8,47,146,19,1,2.2267937660217285
1212,18,18,34,14,1,0.9800388813018799
1213,13,21,30,11,1,0.8325614929199219
1214,10,19,93,15,1,1.3976995944976807
1215,14,33,128,7,1,1.803380012512207
1216,1,24,156,14,1,1.9259698390960693
1217,3,37,208,6,1,2.438910961151123
1218,1,32,207,7,1,2.410207748413086
1219,16,20,177,12,1,2.2419981956481934
1220,6,37,156,17,1,2.1421947479248047
1221,10,25,33,15,1,0.9440786838531494
1222,9,20,38,17,1,0.9220023155212402
1223,19,26,40,15,1,1.1121153831481934
1224,4,27,98,13,1,1.431213140487671
1225,9,19,2,4,0,0.3394453525543213
1226,15,13,167,8,1,2.012700080871582
1227,18,19,43,19,1,1.1140401363372803
1228,11,3,24,3,1,0.4957284927368164
1229,7,31,181,6,1,2.7950363159179688
1230,18,42,18,9,1,1.034851312637329
1231,10,47,178,16,1,2.5226542949676514
1232,20,7,104,8,1,1.4593498706817627
1233,16,20,86,11,1,1.403200626373291
1234,11,3,26,7,0,0.4766662120819092
1235,20,31,155,11,1,2.228583812713623
1236,4,27,83,6,1,1.2161107063293457
1237,15,25,41,5,1,0.9517338275909424
1238,8,34,211,3,1,2.5216755867004395
1239,17,8,194,14,1,2.3786189556121826
1240,20,46,23,12,1,1.2200942039489746
1241,4,4,82,7,1,1.005981683731079
1242,8,40,46,6,1,1.0636038780212402
1243,18,43,206,16,1,3.0213520526885986
1244,5,28,198,10,1,2.381711721420288
1245,20,17,33,16,0,0.9105675220489502
1246,10,33,196,17,1,2.52238392829895
1247,3,6,100,20,1,1.3617708683013916
1248,12,7,166,5,1,1.8911547660827637
1249,11,16,129,7,1,1.6399517059326172
1250,17,2,21,14,1,0.6884195804595947
1251,8,5,143,1,1,1.5242912769317627
1252,8,41,108,19,1,1.8203895092010498
1253,16,45,52,7,1,1.2883844375610352
1254,2,18,153,11,1,1.7965660095214844
1255,17,7,16,5,0,0.465834379196167
1256,19,44,59,19,1,1.5079808235168457
1257,1,14,115,13,1,1.4157400131225586
1258,15,19,187,16,1,2.4290497303009033
1259,17,47,113,7,1,1.912268877029419
1260,14,8,54,10,1,0.9740519523620605
1261,5,35,165,16,1,2.1869418621063232
1262,6,47,12,2,1,0.752875566482544
1263,4,8,181,13,1,2.016439199447632
1264,12,36,213,9,1,2.6618778705596924
1265,9,4,7,12,1,0.5178184509277344
1266,9,5,84,7,1,1.0981712341308594
1267,3,17,182,17,1,2.1312320232391357
1268,19,36,54,20,1,1.4298417568206787
1269,5,2,36,6,0,0.48354101181030273
1270,12,47,121,8,1,1.9124398231506348
1271,20,26,38,16,0,1.1474823951721191
1272,15,11,105,7,1,1.416947364807129
1273,20,5,184,1,1,2.0719218254089355
1274,1,29,102,9,1,1.4212219715118408
1275,20,31,177,1,1,2.280303478240967
1276,4,32,132,19,1,1.8786392211914062
1277,13,2,191,17,1,2.2450292110443115
1278,1,25,6,19,1,0.6577074527740479
1279,18,17,146,7,1,1.8813731670379639
1280,3,37,102,10,1,1.542496681213379
1281,8,2,178,16,1,2.0089221000671387
1282,17,14,126,12,1,1.759509563446045
1283,1,15,15,5,0,0.3732759952545166
1284,3,29,192,11,1,2.2837367057800293
1285,10,17,183,11,1,2.189833164215088
1286,20,40,104,3,1,1.7635550498962402
1287,13,35,176,5,1,2.2458155155181885
1288,4,27,183,1,1,2.077014923095703
1289,12,27,36,2,1,0.8606886863708496
1290,20,33,164,15,1,2.3690836429595947
1291,6,35,132,2,1,1.719897747039795
1292,2,7,205,9,1,2.1625044345855713
1293,5,18,87,10,1,1.2442471981048584
1294,8,26,102,8,1,1.4717187881469727
1295,19,44,69,16,1,1.5849735736846924
1296,7,27,8,20,1,0.7552945613861084
1297,13,5,13,2,0,0.32506608963012695
1298,7,32,201,19,1,2.5372812747955322
1299,20,22,69,7,1,1.274479627609253
1300,18,44,131,15,1,2.136599540710449
1301,6,7,124,10,1,1.4589271545410156
1302,16,9,144,13,1,1.856694221496582
1303,7,32,155,10,1,2.009995460510254
1304,20,47,149,6,1,2.2430810928344727
1305,13,30,156,1,1,1.9626171588897705
1306,5,2,35,6,0,0.48107123374938965
1307,6,10,34,12,0,0.5863089561462402
1308,4,12,4,9,0,0.3037548065185547
1309,14,14,104,1,1,1.3388335704803467
1310,17,32,152,7,1,2.077415943145752
1311,3,30,62,18,1,1.209501028060913
1312,19,35,55,1,1,1.5686593055725098
1313,4,43,44,17,1,1.170332431793213
1314,10,35,201,2,1,2.414323091506958
1315,1,28,61,1,1,0.9348478317260742
1316,9,25,15,15,1,0.7558455467224121
1317,1,24,41,13,1,0.8472006320953369
1318,17,24,62,10,1,1.2054722309112549
1319,11,14,2,5,0,0.3317089080810547
1320,13,16,143,20,1,1.9381508827209473
1321,14,28,67,15,1,1.3237593173980713
1322,15,7,7,19,1,0.6374566555023193
1323,19,4,51,11,1,0.9483864307403564
1324,19,17,42,13,1,1.0360853672027588
1325,19,11,204,7,1,2.359611749649048
1326,10,2,146,10,1,1.6890861988067627
1327,7,35,83,4,1,1.3112294673919678
1328,8,35,179,15,1,2.3251593112945557
1329,17,29,53,13,1,1.2291011810302734
1330,4,15,54,16,1,0.9468657970428467
1331,10,39,121,6,1,1.7509596347808838
1332,4,29,157,3,1,1.8670718669891357
1333,8,40,165,8,1,2.1880223751068115
1334,10,8,11,9,0,0.4089484214782715
1335,2,17,90,5,1,1.1237611770629883
1336,19,22,49,17,1,1.1843845844268799
1337,4,47,149,17,1,2.1403746604919434
1338,3,10,12,14,0,0.42427921295166016
1339,2,32,201,14,1,2.392516613006592
1340,6,21,169,17,1,2.12070631980896
1341,8,14,27,1,1,0.6278109550476074
1342,18,47,145,7,1,2.152367353439331
1343,11,14,18,12,1,0.6671733856201172
1344,19,8,97,17,1,1.4801907539367676
1345,6,9,29,17,1,0.708660364151001
1346,14,32,190,5,1,2.3376145362854004
1347,7,35,16,10,1,0.780205488204956
1348,16,34,40,20,1,1.2054443359375
1349,17,11,39,6,1,0.811488151550293
1350,7,29,91,8,1,1.3684403896331787
1351,6,24,25,18,1,0.8280160427093506
1352,4,43,171,15,1,2.24977445602417
1353,11,38,213,13,1,2.701763153076172
1354,13,11,88,16,1,1.439680576324463
1355,13,34,204,2,1,2.4520795345306396
1356,3,34,134,1,1,1.6625699996948242
1357,13,16,17,4,1,0.5980856418609619
1358,8,47,77,7,1,2.0129570960998535
1359,8,22,116,14,1,1.5977458953857422
1360,14,24,128,12,1,1.7917506694793701
1361,11,25,21,1,1,0.6694715023040771
1362,14,21,96,2,1,1.3346261978149414
1363,13,46,11,20,1,1.032665491104126
1364,10,10,124,19,1,1.658076286315918
1365,16,13,84,1,1,1.1795837879180908
1366,8,9,44,15,1,0.8313994407653809
1367,5,29,115,11,1,1.5822157859802246
1368,11,43,19,5,1,0.8650531768798828
1369,3,27,38,17,1,0.9061679840087891
1370,12,20,90,10,1,1.360107183456421
1371,17,35,188,8,1,2.429386615753174
1372,15,12,10,13,1,0.6504666805267334
1373,19,27,75,18,1,1.4688684940338135
1374,7,22,169,4,1,1.95570707321167
1375,10,36,92,16,1,1.573941946029663
1376,18,24,35,12,1,0.9947631359100342
1377,20,40,171,7,1,2.3607614040374756
1378,10,46,121,2,1,1.7708115577697754
1379,3,15,82,7,1,1.0767741203308105
1380,16,34,144,10,1,2.015371799468994
1381,7,36,151,9,1,2.003934144973755
1382,6,1,3,6,0,0.21859002113342285
1383,4,13,133,17,1,1.6455705165863037
1384,14,36,186,8,1,2.42875075340271
1385,13,3,22,13,0,0.5598206520080566
1386,1,45,13,8,1,0.7203829288482666
1387,19,10,42,5,1,0.8443388938903809
1388,8,27,5,7,1,0.5564806461334229
1389,13,7,15,2,1,0.4626455307006836
1390,15,34,69,17,1,1.4110851287841797
1391,19,24,159,8,1,2.0828468799591064
1392,18,21,78,4,1,1.278151273727417
1393,1,21,19,5,1,0.5159029960632324
1394,11,30,69,15,1,1.3137187957763672
1395,2,5,99,3,1,1.058262825012207
1396,15,29,174,18,1,2.351317882537842
1397,5,23,45,13,1,0.940143346786499
1398,5,24,140,19,1,1.8713350296020508
1399,12,37,33,13,1,1.0491571426391602
1400,7,24,36,3,0,0.6295137405395508
1401,6,14,181,4,1,1.9648239612579346
1402,17,32,206,16,1,2.6734938621520996
1403,14,9,66,1,1,0.9901940822601318
1404,11,21,143,12,1,2.1477584838867188
1405,10,20,127,4,1,1.5776386260986328
1406,3,12,101,9,1,1.6431653499603271
1407,16,26,195,15,1,2.4718034267425537
1408,16,19,91,19,1,1.5188918113708496
1409,18,20,133,8,1,1.8138611316680908
1410,18,25,150,15,1,2.0920088291168213
1411,11,44,55,17,1,1.3479127883911133
1412,18,35,209,7,1,2.619370698928833
1413,19,26,24,16,1,0.9950392246246338
1414,12,22,191,7,1,2.2509326934814453
1415,13,17,23,19,0,0.7219648361206055
1416,6,39,142,13,1,1.978525161743164
1417,12,40,134,1,1,1.8315479755401611
1418,4,43,25,1,1,0.8016064167022705
1419,9,28,59,13,1,1.1347999572753906
1420,17,39,41,20,1,1.2733380794525146
1421,12,32,28,15,1,0.9758045673370361
1422,2,45,71,19,1,1.4010355472564697
1423,3,18,79,5,1,1.044212818145752
1424,4,15,93,13,1,1.2535395622253418
1425,6,25,86,14,1,1.3408889770507812
1426,10,4,151,20,1,1.8392517566680908
1427,17,12,115,20,1,1.7311913967132568
1428,4,10,84,4,1,1.0304419994354248
1429,11,38,82,5,1,1.3859541416168213
1430,2,14,176,19,1,2.030379295349121
1431,13,28,73,5,1,1.2355735301971436
1432,6,30,18,15,1,0.7777867317199707
1433,14,2,24,6,1,0.5556018352508545
1434,11,18,181,19,1,2.246490001678467
1435,20,32,100,5,1,1.6216819286346436
1436,8,6,28,15,1,0.6655693054199219
1437,13,5,206,1,1,2.1377615928649902
1438,20,46,87,20,1,1.8293592929840088
1439,8,6,62,16,1,0.976276159286499
1440,6,27,148,1,1,1.743408441543579
1441,19,37,190,5,1,2.4480350017547607
1442,5,16,205,19,1,2.4179868698120117
1443,12,39,21,2,1,0.8843593597412109
1444,1,27,35,20,1,0.8850502967834473
1445,12,20,113,19,1,1.658043622970581
1446,13,23,182,14,1,2.320970296859741
1447,2,47,138,4,1,1.858863353729248
1448,5,35,192,5,1,2.803366184234619
1449,7,19,101,12,1,1.4034278392791748
1450,4,45,44,16,1,1.1442899703979492
1451,6,27,20,12,1,0.7336208820343018
1452,6,12,183,14,1,2.0671470165252686
1453,13,31,10,10,1,0.762376070022583
1454,7,43,188,4,1,2.337043285369873
1455,3,7,24,13,0,0.4763798713684082
1456,5,34,119,1,1,1.5290732383728027
1457,18,8,120,19,1,1.7028412818908691
1458,4,9,173,2,1,1.8097856044769287
1459,1,44,176,4,1,2.1591367721557617
1460,14,7,23,5,0,0.49390363693237305
1461,5,43,206,13,1,2.610283613204956
1462,15,14,18,9,1,0.7069165706634521
1463,7,30,11,5,1,0.6074850559234619
1464,2,47,67,10,1,1.2867310047149658
1465,12,45,111,3,1,1.7079908847808838
1466,2,44,161,12,1,2.124542713165283
1467,15,42,135,8,1,1.9931776523590088
1468,2,30,120,18,1,1.681077480316162
1469,20,21,170,9,1,2.178759813308716
1470,5,33,35,8,1,0.8767244815826416
1471,17,41,68,17,1,1.5149071216583252
1472,14,15,130,6,1,1.6319308280944824
1473,7,21,190,18,1,2.31260347366333
1474,1,27,205,17,1,2.442331314086914
1475,10,4,135,11,1,1.6894752979278564
1476,5,2,56,20,1,0.8913679122924805
1477,6,28,211,4,1,2.3586792945861816
1478,11,36,49,18,1,1.2337517738342285
1479,14,44,176,7,1,2.3490326404571533
1480,7,28,167,3,1,1.987846851348877
1481,1,11,37,11,1,0.6721248626708984
1482,16,6,24,14,1,0.7160964012145996
1483,7,31,184,7,1,2.1976232528686523
1484,6,46,66,6,1,1.2726225852966309
1485,3,14,17,16,0,0.5157389640808105
1486,5,44,65,4,1,1.1916773319244385
1487,2,40,65,20,1,1.3022453784942627
1488,7,21,194,13,1,2.265183687210083
1489,11,10,63,1,1,0.9116270542144775
1490,17,43,15,2,1,0.8682725429534912
1491,3,42,10,15,1,1.042712688446045
1492,9,3,15,13,1,0.5998938083648682
1493,9,33,139,16,1,1.9330806732177734
1494,4,8,114,19,1,1.464155673980713
1495,2,38,104,7,1,1.5013103485107422
1496,9,34,213,17,1,2.6805641651153564
1497,19,38,57,15,1,1.428762435913086
1498,12,21,18,16,1,0.7943646907806396
1499,16,21,163,12,1,2.0942165851593018
1500,12,4,38,19,1,0.8486518859863281
1501,20,34,127,7,1,1.9036765098571777
1502,19,38,34,19,1,1.2359633445739746
1503,6,6,104,6,1,1.2063281536102295
1504,12,12,13,12,1,0.5988764762878418
1505,6,39,153,19,1,2.1631290912628174
1506,12,28,179,20,1,2.3934402465820312
1507,19,33,114,19,1,1.9605555534362793
1508,20,22,32,10,1,0.963695764541626
1509,2,5,152,17,1,1.7048940658569336
1510,5,23,18,19,0,0.6563355922698975
1511,14,39,55,5,1,1.1806492805480957
1512,17,37,44,15,1,1.2234976291656494
1513,10,34,211,9,1,2.5430397987365723
1514,4,18,132,17,1,1.7381722927093506
1515,11,20,27,17,1,0.8835978507995605
1516,16,23,109,14,1,1.6486339569091797
1517,9,30,155,5,1,1.9367926120758057
1518,9,10,111,16,1,1.4812054634094238
1519,19,23,206,3,1,2.4310009479522705
1520,19,21,6,4,0,0.5084288120269775
1521,4,45,59,7,1,1.1693451404571533
1522,4,45,119,10,1,1.7443788051605225
1523,6,37,181,12,1,2.302335739135742
1524,12,23,29,3,0,0.628913402557373
1525,5,13,80,1,1,0.9770123958587646
1526,5,31,87,9,1,1.3231616020202637
1527,3,40,103,5,1,1.48929762840271
1528,3,24,28,10,1,0.7166252136230469
1529,8,10,34,11,1,0.6891500949859619
1530,5,33,193,3,1,2.2231967449188232
1531,2,39,60,17,1,1.226653814315796
1532,17,31,141,12,1,1.9954290390014648
1533,17,29,170,4,1,2.1554715633392334
1534,15,29,48,10,1,1.122610092163086
1535,18,17,165,19,1,2.852771520614624
1536,10,41,92,18,1,1.661285161972046
1537,5,17,118,7,1,1.4711453914642334
1538,1,25,182,10,1,2.076167345046997
1539,14,29,6,5,1,0.6728801727294922
1540,2,45,151,12,1,2.0497841835021973
1541,18,45,56,4,1,1.3142399787902832
1542,17,23,180,14,1,2.312896490097046
1543,13,13,126,13,1,1.7117078304290771
1544,16,27,37,14,1,1.0608892440795898
1545,4,35,139,7,1,1.7888078689575195
1546,14,29,34,15,1,1.0221717357635498
1547,2,26,103,8,1,1.3611488342285156
1548,4,9,21,6,0,0.4020669460296631
1549,20,28,87,6,1,1.456629753112793
1550,2,12,2,20,0,0.41745758056640625
1551,16,19,21,11,0,0.6333863735198975
1552,5,8,209,3,1,2.1460072994232178
1553,17,19,52,12,1,1.0984747409820557
1554,5,20,80,4,1,1.0885493755340576
1555,18,3,25,19,1,0.7858791351318359
1556,8,6,207,4,1,2.167114496231079
1557,13,14,133,2,1,1.617471694946289
1558,16,7,68,16,1,1.1607697010040283
1559,8,43,105,12,1,1.6924457550048828
1560,8,36,34,19,1,1.0544376373291016
1561,6,3,11,20,0,0.45018982887268066
1562,5,45,55,3,1,1.1034352779388428
1563,17,33,174,9,1,2.298572063446045
1564,12,12,39,6,1,0.772850751876831
1565,3,47,164,15,1,2.232726573944092
1566,16,4,201,17,1,2.376844882965088
1567,1,24,179,18,1,2.2548067569732666
1568,19,27,27,15,1,1.049999475479126
1569,17,37,75,10,1,1.4475960731506348
1570,15,32,17,15,1,0.9202601909637451
1571,15,24,114,13,1,1.6675355434417725
1572,2,23,58,6,1,0.9000704288482666
1573,2,21,77,20,1,1.2149078845977783
1574,15,25,9,11,0,0.5812430381774902
1575,1,2,23,5,0,0.30310559272766113
1576,1,4,170,8,1,1.732309103012085
1577,3,20,73,11,1,1.1040639877319336
1578,12,5,43,20,1,0.8985211849212646
1579,8,46,89,10,1,1.5444307327270508
1580,9,13,22,3,0,0.44513630867004395
1581,20,18,20,6,1,0.7531073093414307
1582,3,33,130,11,1,1.737166166305542
1583,6,32,80,11,1,1.339010238647461
1584,4,22,185,7,1,2.1039090156555176
1585,13,17,67,11,1,1.1521358489990234
1586,1,13,135,14,1,1.6085450649261475
1587,8,40,65,12,1,1.291167974472046
1588,13,44,186,4,1,2.41707706451416
1589,15,21,114,7,1,1.5853345394134521
1590,18,39,154,18,1,2.276413917541504
1591,13,14,46,3,1,0.8355662822723389
1592,12,45,24,14,1,1.0357458591461182
1593,18,6,173,14,1,2.102797269821167
1594,19,14,127,4,1,1.658540964126587
1595,5,5,180,12,1,1.9432191848754883
1596,15,9,108,15,1,1.5041377544403076
1597,17,34,165,8,1,2.2085678577423096
1598,14,37,116,19,1,1.8884398937225342
1599,18,3,213,7,1,2.3809094429016113
1600,13,17,127,19,1,1.8010573387145996
1601,11,18,32,10,1,0.8233203887939453
1602,2,47,26,12,1,0.9250292778015137
1603,10,25,206,15,1,2.4921534061431885
1604,20,22,158,6,1,2.079219102859497
1605,6,28,100,16,1,1.5396678447723389
1606,17,34,138,14,1,2.0314693450927734
1607,8,4,81,17,1,1.1586527824401855
1608,9,32,9,2,1,0.6027064323425293
1609,14,4,34,19,0,0.7042350769042969
1610,19,27,8,18,1,0.8691754341125488
1611,15,12,16,14,0,0.5663032531738281
1612,20,9,182,17,1,2.272916316986084
1613,13,3,10,8,1,0.46468472480773926
1614,20,17,183,3,1,2.4811675548553467
1615,11,25,50,7,1,0.9942569732666016
1616,5,9,85,8,1,1.0669755935668945
1617,18,4,75,13,1,1.1685683727264404
1618,19,22,97,12,1,1.5590651035308838
1619,18,33,3,18,1,0.8656656742095947
1620,17,42,101,1,1,1.6134593486785889
1621,12,46,9,15,1,0.9319920539855957
1622,17,10,208,12,1,2.413241386413574
1623,8,43,51,12,1,1.2049028873443604
1624,16,40,54,3,1,1.1914517879486084
1625,17,6,38,11,0,0.6816620826721191
1626,3,5,43,4,1,0.5867884159088135
1627,11,8,206,9,1,2.3920176029205322
1628,1,46,128,6,1,1.7789478302001953
1629,9,33,28,16,1,0.9669218063354492
1630,15,5,186,9,1,2.0963048934936523
1631,12,14,9,2,1,0.479217529296875
1632,3,20,125,15,1,1.6178479194641113
1633,6,20,23,18,1,0.7666869163513184
1634,17,3,14,17,0,0.531212568283081
1635,11,27,33,17,1,0.9712300300598145
1636,5,17,15,3,1,0.4634249210357666
1637,4,38,57,10,1,1.1351573467254639
1638,4,31,119,9,1,1.6024236679077148
1639,2,41,205,4,1,2.417335033416748
1640,16,36,159,11,1,2.2357521057128906
1641,3,14,55,18,1,0.9703328609466553
1642,5,12,19,18,1,0.643883228302002
1643,19,14,194,15,1,2.379549503326416
1644,2,3,33,14,0,0.5440244674682617
1645,20,5,67,15,1,1.1681556701660156
1646,17,40,92,7,1,1.5924887657165527
1647,18,20,27,9,0,0.6963322162628174
1648,17,5,187,16,1,2.221454620361328
1649,11,18,29,14,0,0.7021596431732178
1650,1,43,86,10,1,1.3983049392700195
1651,19,42,6,4,1,0.8371338844299316
1652,5,25,151,6,1,1.7958390712738037
1653,16,20,37,13,0,0.8168339729309082
1654,13,47,48,3,1,1.1610827445983887
1655,10,43,4,20,1,0.8973572254180908
1656,14,28,37,1,1,0.8607420921325684
1657,6,10,35,18,0,0.6708245277404785
1658,17,25,189,11,1,2.3853888511657715
1659,12,18,209,3,1,2.34004807472229
1660,14,36,12,13,1,0.9220302104949951
1661,16,38,56,6,1,1.2386517524719238
1662,9,18,26,4,1,0.6364617347717285
1663,8,10,174,18,1,2.0525736808776855
1664,7,42,26,7,1,0.8910648822784424
1665,3,36,100,15,1,1.869704246520996
1666,13,27,160,10,1,2.0686721801757812
1667,9,22,159,7,1,1.9300172328948975
1668,7,27,10,18,1,0.7462186813354492
1669,16,37,187,3,1,2.37100887298584
1670,1,21,143,10,1,1.7145538330078125
1671,19,34,123,1,1,1.7735464572906494
1672,4,20,112,10,1,1.4439923763275146
1673,12,34,37,6,1,0.9667813777923584
1674,1,30,24,20,1,0.8284950256347656
1675,14,3,121,15,1,1.6462409496307373
1676,2,18,149,20,1,1.8606395721435547
1677,15,10,169,8,1,2.0078320503234863
1678,10,42,68,9,1,1.3444976806640625
1679,10,10,41,14,1,0.8310165405273438
1680,11,14,106,19,1,1.5330414772033691
1681,8,22,5,20,0,0.5718657970428467
1682,18,30,65,12,1,1.3197243213653564
1683,16,21,6,3,1,0.5817909240722656
1684,9,43,80,12,1,1.4748914241790771
1685,16,19,131,4,1,1.6988813877105713
1686,17,28,21,9,1,0.8677330017089844
1687,7,10,121,9,1,1.4679641723632812
1688,18,9,120,10,1,1.615997314453125
1689,11,11,19,2,1,0.5243830680847168
1690,2,30,15,16,1,0.7197494506835938
1691,18,38,145,4,1,2.027416706085205
1692,17,46,154,1,1,2.146122455596924
1693,9,14,212,7,1,2.327190637588501
1694,3,28,91,5,1,1.2860965728759766
1695,18,30,135,19,1,2.050220489501953
1696,15,24,107,18,1,1.6819052696228027
1697,2,38,144,14,1,1.946122169494629
1698,3,18,61,1,1,0.8349933624267578
1699,7,42,65,4,1,1.194608449935913
1700,15,35,207,13,1,2.7350635528564453
1701,9,11,9,4,0,0.3594636917114258
1702,3,10,153,15,1,1.7490594387054443
1703,10,20,201,6,1,2.3368303775787354
1704,18,20,116,9,1,1.6797561645507812
1705,9,17,25,16,1,0.7731118202209473
1706,2,43,32,1,1,0.8074557781219482
1707,20,32,166,6,1,2.222022533416748
1708,8,23,159,6,1,1.9231188297271729
1709,6,2,16,12,0,0.39953064918518066
1710,15,12,130,3,1,1.5880391597747803
1711,19,47,57,11,1,1.430957555770874
1712,5,25,5,6,0,0.4031047821044922
1713,18,39,167,17,1,2.4494850635528564
1714,7,39,99,16,1,1.6293470859527588
1715,4,29,203,7,1,2.3380160331726074
1716,19,12,47,11,1,0.9980514049530029
1717,17,13,200,3,1,2.2519500255584717
1718,1,35,94,19,1,1.5063509941101074
1719,4,37,38,6,1,0.895010232925415
1720,6,31,78,3,1,1.8378326892852783
1721,9,28,123,8,1,1.6635260581970215
1722,4,29,95,13,1,1.4164485931396484
1723,7,15,11,16,0,0.5049445629119873
1724,6,29,97,16,1,1.4861271381378174
1725,2,30,144,5,1,1.740910530090332
1726,14,26,66,2,1,1.1530137062072754
1727,16,26,87,4,1,1.3541109561920166
1728,3,11,110,15,1,1.3877208232879639
1729,18,26,197,13,1,2.5195558071136475
1730,19,34,193,17,1,2.6375787258148193
1731,17,14,151,8,1,1.9488461017608643
1732,3,3,55,9,1,0.7492051124572754
1733,1,4,207,4,1,2.0220322608947754
1734,10,7,152,10,1,1.804753065109253
1735,5,17,59,16,1,1.0415425300598145
1736,8,47,133,11,1,1.9556119441986084
1737,7,3,58,19,1,0.9544925689697266
1738,12,15,2,6,0,0.3554725646972656
1739,9,16,97,3,1,1.2400479316711426
1740,20,8,119,20,1,1.7069592475891113
1741,6,32,122,3,1,1.5904207229614258
1742,5,33,100,15,1,1.5268335342407227
1743,2,24,137,1,1,1.5630018711090088
1744,14,41,119,15,1,1.8926646709442139
1745,15,8,173,6,1,1.9833414554595947
1746,18,47,146,8,1,2.2041895389556885
1747,19,45,11,14,1,1.0293164253234863
1748,16,27,208,2,1,2.4459187984466553
1749,3,46,149,13,1,2.09002423286438
1750,3,32,128,19,1,1.8648028373718262
1751,20,3,9,4,1,0.4991323947906494
1752,1,31,90,15,1,1.3603014945983887
1753,13,45,160,3,1,2.1475210189819336
1754,8,29,210,11,1,2.5062649250030518
1755,3,5,186,19,1,2.095526933670044
1756,1,25,48,4,1,0.8725218772888184
1757,14,21,113,16,1,1.6508831977844238
1758,17,6,20,19,0,0.6373510360717773
1759,8,19,186,19,1,2.269899845123291
1760,18,14,136,4,1,1.7549402713775635
1761,13,44,55,20,1,2.1979057788848877
1762,17,25,155,20,1,2.2193081378936768
1763,16,22,49,19,1,1.1748886108398438
1764,11,3,213,6,1,2.2254090309143066
1765,14,34,203,17,1,2.6407864093780518
1766,18,41,161,7,1,2.323850393295288
1767,20,10,23,13,1,0.810316801071167
1768,8,26,51,13,1,1.0333664417266846
1769,16,8,26,14,1,0.7599341869354248
1770,20,3,117,5,1,1.4646189212799072
1771,8,36,175,6,1,2.168518304824829
1772,13,20,100,2,1,1.3674304485321045
1773,8,23,34,10,1,0.820570707321167
1774,6,1,8,20,0,0.41045403480529785
1775,12,15,35,20,0,0.7832779884338379
1776,15,47,84,19,1,1.7317218780517578
1777,10,30,82,20,1,1.4741630554199219
1778,18,33,184,13,1,2.4530751705169678
1779,7,32,116,1,1,1.534515142440796
1780,17,7,30,10,1,0.7616872787475586
1781,17,41,151,4,1,2.097445487976074
1782,15,39,61,16,1,1.4025075435638428
1783,5,36,60,6,1,1.1036386489868164
1784,6,28,32,1,1,0.7045192718505859
1785,12,3,86,3,1,1.0629124641418457
1786,9,9,54,1,1,0.756854772567749
1787,15,27,32,4,1,0.850419282913208
1788,18,17,90,13,1,1.4119439125061035
1789,18,14,210,19,1,2.6094815731048584
1790,2,35,172,10,1,2.1482157707214355
1791,12,43,74,10,1,1.5107934474945068
1792,1,27,96,6,1,1.2665283679962158
1793,14,30,89,11,1,1.4605674743652344
1794,7,26,78,11,1,1.2436978816986084
1795,20,10,213,1,1,2.3547470569610596
1796,12,12,69,1,1,0.9878170490264893
1797,17,11,77,4,1,1.1331491470336914
1798,9,21,211,7,1,2.3647913932800293
1799,9,1,31,2,0,0.4339742660522461
1800,16,41,150,3,1,2.0680415630340576
1801,12,16,72,9,1,1.1455457210540771
1802,13,20,151,15,1,1.9714031219482422
1803,5,13,38,2,1,0.6279218196868896
1804,4,11,22,8,1,0.514634370803833
1805,13,39,112,16,1,1.828564167022705
1806,6,3,187,14,1,2.49265193939209
1807,10,8,21,16,1,0.6938867568969727
1808,11,24,118,4,1,1.546741247177124
1809,5,18,191,13,1,2.1783251762390137
1810,1,45,141,20,1,2.094391345977783
1811,10,33,186,13,1,2.389812707901001
1812,15,12,125,18,1,1.7696454524993896
1813,16,10,95,3,1,1.271040916442871
1814,7,37,16,15,1,0.8434710502624512
1815,8,12,155,9,1,1.7885675430297852
1816,3,30,7,18,1,0.6871569156646729
1817,8,23,38,10,1,0.8526010513305664
1818,13,18,93,10,1,1.3659443855285645
1819,3,13,128,13,1,1.5447144508361816
1820,4,41,91,5,1,1.391242265701294
1821,20,36,176,11,1,2.405564308166504
1822,1,23,56,1,1,0.8369567394256592
1823,1,7,77,8,1,0.9343132972717285
1824,9,27,129,1,1,1.6199243068695068
1825,9,25,43,1,1,0.8195514678955078
1826,20,38,202,13,1,2.8145928382873535
1827,19,27,27,17,1,1.0428171157836914
1828,19,10,171,19,1,2.1989176273345947
1829,16,33,41,11,1,1.1077208518981934
1830,8,44,47,14,1,1.1961939334869385
1831,16,15,70,18,1,1.2830119132995605
1832,3,40,113,17,1,1.7413232326507568
1833,1,26,71,11,1,1.1108965873718262
1834,15,28,73,2,1,1.2265350818634033
1835,10,25,50,10,1,1.008814811706543
1836,14,3,107,20,1,1.5123672485351562
1837,3,45,144,9,1,1.9649317264556885
1838,13,22,140,7,1,1.8152997493743896
1839,8,25,67,1,1,1.034942388534546
1840,6,16,53,7,1,0.8514447212219238
1841,3,36,145,16,1,1.9559056758880615
1842,2,30,80,16,1,1.303511142730713
1843,19,20,147,8,1,1.9431183338165283
1844,9,2,34,19,0,0.6427795886993408
1845,18,16,60,9,1,1.1053135395050049
1846,3,33,131,18,1,1.825467824935913
1847,18,45,69,15,1,1.5572874546051025
1848,7,30,152,17,1,2.027074098587036
1849,11,35,8,8,1,0.7347283363342285
1850,20,5,157,1,1,1.8237779140472412
1851,3,5,70,16,1,1.4892616271972656
1852,6,44,196,18,1,2.5748701095581055
1853,5,21,58,2,1,0.8998677730560303
1854,3,43,99,17,1,1.6359689235687256
1855,4,26,60,11,1,1.050464391708374
1856,14,13,207,16,1,2.4509639739990234
1857,20,3,21,13,1,0.7295033931732178
1858,6,20,154,19,1,1.9698765277862549
1859,4,44,191,6,1,2.693449020385742
1860,14,13,161,12,1,2.017798662185669
1861,7,24,34,6,1,0.773118257522583
1862,5,41,165,7,1,2.0896098613739014
1863,15,21,19,17,0,0.7358098030090332
1864,15,31,77,10,1,1.38350248336792
1865,19,41,35,4,1,1.0766675472259521
1866,11,47,145,6,1,2.051265001296997
1867,14,17,32,15,1,0.8942360877990723
1868,7,27,30,15,1,0.8672776222229004
1869,12,42,211,4,1,2.61411452293396
1870,3,10,91,18,1,1.2798783779144287
1871,19,3,188,14,1,2.2366745471954346
1872,15,47,179,9,1,2.456406593322754
1873,6,8,182,1,1,2.2062606811523438
1874,1,42,180,6,1,2.186764717102051
1875,6,47,17,8,1,0.8669333457946777
1876,12,35,42,13,1,1.0961370468139648
1877,17,19,150,2,1,1.866051435470581
1878,5,32,67,19,1,1.286841630935669
1879,4,17,122,13,1,1.540485143661499
1880,3,4,198,3,1,1.9837384223937988
1881,4,3,111,10,1,1.2795751094818115
1882,10,22,91,13,1,1.3802859783172607
1883,2,17,130,17,1,1.6276507377624512
1884,4,4,151,18,1,1.7781436443328857
1885,19,21,82,12,1,1.4163806438446045
1886,10,32,46,16,1,1.1187705993652344
1887,11,46,110,16,1,1.8683784008026123
1888,3,21,9,17,0,0.5258917808532715
1889,19,21,160,4,1,2.014442205429077
1890,8,22,142,20,1,1.9449284076690674
1891,5,18,115,6,1,1.4316463470458984
1892,10,16,28,16,1,0.8146865367889404
1893,5,9,81,20,1,1.184565782546997
1894,16,31,169,10,1,2.2252140045166016
1895,2,22,7,9,0,0.42006635665893555
1896,7,46,4,6,1,0.7076773643493652
1897,6,35,62,8,1,1.133866310119629
1898,14,39,205,20,1,2.8551268577575684
1899,15,42,72,1,1,1.3643505573272705
1900,11,43,35,16,1,1.1299927234649658
1901,2,34,119,20,1,1.7399883270263672
1902,4,19,119,11,1,1.5158138275146484
1903,9,41,53,2,1,1.0960774421691895
1904,1,24,159,7,1,1.842451810836792
1905,10,26,67,20,1,1.320469856262207
1906,7,21,103,14,1,1.457899808883667
1907,18,20,9,2,0,0.467118501663208
1908,12,23,56,10,1,1.063659429550171
1909,9,36,168,13,1,2.223154067993164
1910,20,23,110,6,1,1.6284081935882568
1911,19,43,129,19,1,2.148754119873047
1912,14,27,122,3,1,1.6568844318389893
1913,3,22,102,15,1,1.4115662574768066
1914,14,6,84,14,1,1.2371678352355957
1915,1,40,199,4,1,2.3066413402557373
1916,5,36,40,8,1,0.9505553245544434
1917,19,31,144,15,1,2.090419054031372
1918,1,39,133,3,1,1.6984446048736572
1919,12,37,197,19,1,2.6348485946655273
1920,16,22,136,20,1,2.0054562091827393
1921,3,33,47,8,1,0.9910130500793457
1922,20,18,154,8,1,2.016443967819214
1923,3,2,97,8,1,1.1196694374084473
1924,8,15,158,8,1,1.8383684158325195
1925,3,21,90,19,1,1.3615479469299316
1926,8,39,72,7,1,1.2885322570800781
1927,5,13,193,17,1,2.520827054977417
1928,3,43,83,2,1,1.310021162033081
1929,8,22,209,1,1,2.2802486419677734
1930,18,18,2,14,0,0.5513179302215576
1931,4,30,77,16,1,1.2961454391479492
1932,12,36,212,4,1,2.572852373123169
1933,7,42,206,15,1,3.1798577308654785
1934,2,44,131,10,1,1.9141614437103271
1935,18,4,166,13,1,2.0438029766082764
1936,2,38,111,18,1,1.7626211643218994
1937,1,36,60,14,1,1.1584806442260742
1938,10,20,162,15,1,2.0381882190704346
1939,3,38,147,14,1,2.0127334594726562
1940,3,41,56,7,1,1.1063745021820068
1941,15,6,48,2,1,0.7797656059265137
1942,14,20,20,18,1,0.8391358852386475
1943,11,46,113,14,1,1.8491814136505127
1944,9,42,206,1,1,2.4702107906341553
1945,11,44,49,14,1,1.2817020416259766
1946,13,16,6,14,1,0.6186192035675049
1947,19,11,18,7,0,0.5255110263824463
1948,17,26,88,7,1,1.4238793849945068
1949,13,30,98,20,1,1.6592180728912354
1950,2,16,56,10,1,0.8640215396881104
1951,19,40,100,8,1,1.7064428329467773
1952,4,33,213,13,1,2.531850814819336
1953,6,11,202,2,1,2.1619534492492676
1954,14,32,187,16,1,2.52655291557312
1955,13,39,155,8,1,2.174117088317871
1956,2,42,19,16,1,0.9085824489593506
1957,5,12,69,17,1,1.0783777236938477
1958,20,11,162,17,1,2.112830400466919
1959,2,35,215,11,1,2.5862514972686768
1960,5,30,212,4,1,2.477208137512207
1961,7,30,193,17,1,2.4566221237182617
1962,15,24,88,8,1,1.498244047164917
1963,15,9,215,10,1,2.4137182235717773
1964,10,32,189,7,1,2.348841905593872
1965,7,6,149,15,1,1.796452283859253
1966,7,42,40,13,1,1.1098060607910156
1967,8,36,52,13,1,1.154390811920166
1968,6,25,208,18,1,2.485999345779419
1969,7,24,135,10,1,1.7584195137023926
1970,1,15,71,16,1,1.0790510177612305
1971,17,23,113,11,1,1.8961455821990967
1972,18,44,52,16,1,1.4116706848144531
1973,15,41,52,16,1,1.3355212211608887
1974,6,41,19,9,1,0.8249585628509521
1975,6,36,139,15,1,1.9382948875427246
1976,20,25,50,15,1,1.2173576354980469
1977,14,18,165,2,1,1.9579839706420898
1978,2,3,37,15,1,0.6321027278900146
1979,10,35,44,6,1,0.9941818714141846
1980,15,37,165,9,1,2.240593910217285
1981,2,26,25,6,0,0.5696930885314941
1982,7,46,144,19,1,2.1455814838409424
1983,18,31,25,14,1,1.0048432350158691
1984,10,21,181,13,1,2.203606128692627
1985,20,29,9,13,1,0.86527419090271
1986,3,2,152,7,1,1.5662577152252197
1987,7,6,48,1,1,0.6591982841491699
1988,20,15,33,2,1,0.8013648986816406
1989,19,6,204,17,1,2.4457180500030518
1990,3,45,58,12,1,1.222203016281128
1991,8,1,19,3,0,0.3155050277709961
1992,5,6,182,6,1,1.8958427906036377
1993,17,13,215,15,1,2.5596401691436768
1994,20,7,103,7,1,1.475900650024414
1995,14,46,100,4,1,1.6631379127502441
1996,17,45,140,12,1,2.1556005477905273
1997,20,15,25,19,0,0.7747280597686768
1998,20,34,40,4,1,1.084082841873169
1999,15,44,101,7,1,1.6895415782928467
2000,20,39,43,19,1,1.3417916297912598
2001,11,36,187,6,1,2.3060975074768066
2002,20,3,114,12,1,1.5598454475402832
2003,1,5,81,14,1,1.0253007411956787
2004,7,20,78,16,1,1.2568929195404053
2005,15,39,174,8,1,2.3415207862854004
2006,6,14,182,14,1,2.149597644805908
2007,7,24,150,20,1,2.0351810455322266
2008,17,7,106,4,1,1.3949134349822998
2009,19,47,76,7,1,1.5385890007019043
2010,3,39,121,12,1,1.7093048095703125
2011,19,26,39,12,1,1.0760626792907715
2012,18,17,29,2,1,0.7517580986022949
2013,4,40,171,11,1,2.193924903869629
2014,10,19,42,15,1,0.9685685634613037
2015,16,33,95,8,1,1.545839548110962
2016,18,30,153,7,1,2.367154836654663
2017,15,11,72,14,1,1.2034225463867188
2018,18,36,55,3,1,1.1880624294281006
2019,3,32,56,1,1,0.9420561790466309
2020,8,24,28,12,1,0.8040094375610352
2021,7,9,96,13,1,1.2728047370910645
2022,20,6,17,20,0,0.6478033065795898
2023,2,26,51,12,1,0.9374499320983887
2024,3,8,32,17,0,0.6026217937469482
2025,16,29,150,9,1,2.031493902206421
2026,2,41,48,13,1,1.085249423980713
2027,18,45,151,20,1,2.3562138080596924
2028,3,1,22,19,0,0.49865031242370605
2029,16,29,75,16,1,1.432455062866211
2030,19,45,61,4,1,1.3471357822418213
2031,8,47,155,11,1,2.1733310222625732
2032,2,46,163,4,1,2.082742929458618
2033,9,36,10,12,1,0.7946794033050537
2034,7,31,148,4,1,1.8535051345825195
2035,16,19,54,3,1,0.9923977851867676
2036,14,14,128,13,1,1.681993007659912
2037,4,3,59,15,1,0.8590657711029053
2038,14,22,90,7,1,1.3527107238769531
2039,8,16,50,7,1,0.8798894882202148
2040,17,6,179,1,1,1.970874309539795
2041,13,18,59,2,1,0.9697794914245605
2042,13,44,13,9,1,0.8870859146118164
2043,20,47,201,3,1,2.678143262863159
2044,16,10,211,18,1,2.50408673286438
2045,15,20,82,3,1,1.3174614906311035
2046,19,37,13,19,1,1.0262172222137451
2047,14,18,10,12,0,0.529883861541748
2048,3,34,136,6,1,1.729118824005127
2049,15,28,186,4,1,2.300978422164917
2050,8,10,176,1,1,1.8954784870147705
2051,17,14,163,3,1,1.9327332973480225
2052,10,29,3,10,1,0.6424891948699951
2053,9,46,88,2,1,1.4721472263336182
2054,11,13,137,14,1,1.7274487018585205
2055,18,17,118,15,1,1.7240149974822998
2056,9,18,187,16,1,2.2698252201080322
2057,2,31,185,12,1,2.256890058517456
2058,17,7,121,14,1,1.6836931705474854
2059,18,29,201,1,1,2.4260644912719727
2060,18,31,18,16,1,1.2559669017791748
2061,13,26,109,17,1,1.7085070610046387
2062,3,45,59,11,1,1.1989328861236572
2063,15,43,19,14,1,1.0320050716400146
2064,6,23,75,3,1,1.061781644821167
2065,12,39,42,15,1,1.1546967029571533
2066,13,22,100,16,1,1.5366804599761963
2067,6,45,87,9,1,1.4748053550720215
2068,5,2,98,6,1,1.1053199768066406
2069,16,33,162,17,1,2.2867743968963623
2070,17,37,152,3,1,2.0925726890563965
2071,18,13,118,20,1,1.7496733665466309
2072,2,32,183,16,1,2.2716495990753174
2073,18,17,51,5,1,1.0268943309783936
2074,16,19,14,18,0,0.6529726982116699
2075,3,30,136,6,1,1.6889350414276123
2076,12,35,8,5,1,0.6994142532348633
2077,9,24,40,19,1,0.9983594417572021
2078,18,17,7,17,0,0.5976152420043945
2079,18,26,162,13,1,2.1698882579803467
2080,19,20,142,11,1,1.930311679840088
2081,20,28,35,3,1,0.9688644409179688
2082,15,17,183,12,1,2.224266290664673
2083,16,45,110,20,1,1.9871110916137695
2084,7,33,103,11,1,1.5517675876617432
2085,16,24,15,14,0,0.6793606281280518
2086,15,32,45,6,1,1.0480353832244873
2087,12,47,141,20,1,2.213700532913208
2088,13,40,204,7,1,2.6026482582092285
2089,2,23,98,16,1,1.7479000091552734
2090,6,8,182,17,1,2.0744082927703857
2091,6,40,136,5,1,1.8912205696105957
2092,11,26,212,1,1,2.3999216556549072
2093,1,40,200,19,1,2.5333454608917236
2094,20,43,125,7,1,2.0201797485351562
2095,7,4,2,2,0,0.18612957000732422
2096,10,47,69,14,1,1.458679437637329
2097,20,17,15,20,1,0.8621487617492676
2098,19,44,43,12,1,1.271409511566162
2099,2,40,215,17,1,2.758345127105713
2100,10,19,26,13,0,0.6729335784912109
2101,2,29,83,13,1,1.2818715572357178
2102,20,22,76,3,1,1.258582592010498
2103,3,46,23,5,1,0.8254563808441162
2104,3,4,21,8,1,0.6625816822052002
2105,18,17,182,10,1,2.225949764251709
2106,7,13,73,15,1,1.13667893409729
2107,18,21,152,10,1,2.000760078430176
2108,4,31,82,18,1,1.379302978515625
2109,2,8,24,6,1,0.4786386489868164
2110,10,42,107,5,1,1.6069979667663574
2111,19,7,60,6,1,0.9926764965057373
2112,15,26,3,9,1,0.6498475074768066
2113,18,10,188,4,1,2.141209363937378
2114,8,27,201,16,1,2.495424509048462
2115,13,21,20,3,1,0.7119278907775879
2116,3,28,202,12,1,2.3347833156585693
2117,9,35,42,3,1,0.9449498653411865
2118,11,28,25,15,1,0.8743276596069336
2119,9,40,67,2,1,1.2021608352661133
2120,7,35,102,9,1,1.5127556324005127
2121,1,44,138,11,1,1.874232292175293
2122,8,5,1,13,0,0.3207230567932129
2123,17,2,77,5,1,1.0625369548797607
2124,4,38,209,13,1,2.5407416820526123
2125,20,34,159,2,1,2.144057512283325
2126,8,46,56,2,1,1.163710117340088
2127,13,20,78,17,1,1.325368881225586
2128,7,31,30,17,1,0.9281561374664307
2129,6,20,205,2,1,2.2233264446258545
2130,9,3,141,16,1,1.724294900894165
2131,2,41,201,12,1,2.477379560470581
2132,17,6,55,12,1,1.0013256072998047
2133,11,19,180,20,1,2.2412078380584717
2134,2,12,200,20,1,2.2575647830963135
2135,15,18,20,7,1,0.8366725444793701
2136,16,40,208,9,1,2.6735031604766846
2137,15,9,35,20,1,0.9301776885986328
2138,12,33,187,18,1,2.4490625858306885
2139,10,23,133,17,1,1.8481132984161377
2140,4,22,129,7,1,1.609257698059082
2141,17,10,75,16,1,1.2598223686218262
2142,2,12,6,17,0,0.41744208335876465
2143,1,11,54,10,1,0.7826979160308838
2144,16,21,33,17,0,0.822171688079834
2145,20,28,116,3,1,1.6752359867095947
2146,6,2,183,2,1,2.0863232612609863
2147,12,23,103,1,1,1.4002859592437744
2148,7,39,36,15,1,1.0398156642913818
2149,11,31,157,12,1,2.069120168685913
2150,19,19,122,19,1,1.8365333080291748
2151,10,25,120,14,1,1.6937110424041748
2152,16,23,141,12,1,1.9316387176513672
2153,3,31,89,2,1,1.238602638244629
2154,12,33,81,14,1,1.4561293125152588
2155,15,12,132,4,1,1.6256639957427979
2156,14,43,9,18,1,0.9854655265808105
2157,17,28,199,20,1,2.7313990592956543
2158,15,3,152,5,1,1.7470808029174805
2159,16,8,97,13,1,1.412165880203247
2160,5,30,170,13,1,2.1202268600463867
2161,8,6,168,8,1,1.898406744003296
2162,19,38,160,14,1,2.3122153282165527
2163,9,14,175,6,1,2.0172715187072754
2164,13,34,48,10,1,1.1366353034973145
2165,17,13,79,15,1,1.3028132915496826
2166,7,11,53,10,1,0.8610806465148926
2167,19,11,137,2,1,1.666529655456543
2168,19,17,123,19,1,1.8134090900421143
2169,9,45,53,13,1,1.2638707160949707
2170,1,18,173,9,1,1.9031240940093994
2171,14,6,199,6,1,2.215744733810425
2172,3,36,192,17,1,2.44122052192688
2173,13,10,114,1,1,1.4065463542938232
2174,14,4,108,7,1,1.3668735027313232
2175,5,47,85,19,1,1.60191011428833
2176,12,24,11,11,0,0.5676450729370117
2177,1,32,143,20,1,1.9120478630065918
2178,5,22,185,15,1,2.21433687210083
2179,18,5,127,11,1,1.6749677658081055
2180,16,16,8,20,1,0.7705550193786621
2181,7,15,154,3,1,1.7204022407531738
2182,9,26,178,12,1,2.2113044261932373
2183,2,7,179,3,1,1.8339612483978271
2184,7,3,100,2,1,1.121485948562622
2185,11,35,60,15,1,1.9607653617858887
2186,19,4,164,19,1,2.049077033996582
2187,13,25,29,9,1,0.8605165481567383
2188,17,28,194,10,1,2.4363818168640137
2189,3,19,167,13,1,1.9521396160125732
2190,14,45,190,13,1,2.651996612548828
2191,12,14,37,11,1,0.84393310546875
2192,13,32,110,1,1,1.5602631568908691
2193,4,32,197,10,1,2.3222365379333496
2194,4,11,55,14,1,0.9049267768859863
2195,14,9,75,3,1,1.03651762008667
2196,3,32,56,15,1,1.1026527881622314
2197,14,2,47,3,1,0.7226908206939697
2198,3,27,102,17,1,1.4793338775634766
2199,9,8,28,8,0,0.515019416809082
2200,2,22,197,1,1,2.0887184143066406
2201,2,8,162,19,1,1.9203226566314697
2202,10,47,77,16,1,1.5828616619110107
2203,1,38,171,5,1,2.036585569381714
2204,19,39,160,14,1,2.34323787689209
2205,5,18,28,5,1,0.6329526901245117
2206,3,12,29,20,0,0.6358230113983154
2207,14,39,73,8,1,1.3915929794311523
2208,8,18,71,20,1,1.2258422374725342
2209,1,10,106,13,1,1.2752056121826172
2210,11,3,25,4,0,0.424330472946167
2211,1,20,154,6,1,1.7265686988830566
2212,14,19,193,18,1,2.4163577556610107
2213,19,12,57,17,1,1.1835277080535889
2214,4,4,121,11,1,1.3865363597869873
2215,15,34,25,13,1,0.981236457824707
2216,17,15,40,18,1,1.000192642211914
2217,3,45,19,10,1,0.8376996517181396
2218,11,7,101,1,1,1.183727741241455
2219,19,36,119,3,1,1.768728494644165
2220,18,38,115,4,1,1.771775722503662
2221,15,16,209,7,1,2.3852200508117676
2222,8,38,55,1,1,1.0862691402435303
2223,10,12,173,6,1,1.9416604042053223
2224,10,32,79,15,1,1.4033997058868408
2225,14,30,159,4,1,2.020517110824585
2226,6,28,55,14,1,1.0868964195251465
2227,19,9,35,16,0,0.7670037746429443
2228,16,19,187,8,1,2.509371519088745
2229,11,6,195,19,1,2.2751033306121826
2230,7,32,187,12,1,2.368544340133667
2231,14,36,149,17,1,2.1845755577087402
2232,4,23,180,20,1,2.27679705619812
2233,15,15,32,7,0,0.7074151039123535
2234,20,4,139,10,1,1.746856927871704
2235,14,20,66,15,1,1.2299728393554688
2236,3,6,180,3,1,1.837386131286621
2237,18,27,125,3,1,1.7337982654571533
2238,16,20,4,3,1,0.561560869216919
2239,8,21,3,20,0,0.537236213684082
2240,2,17,214,10,1,2.3039979934692383
2241,17,47,13,12,1,1.0272605419158936
2242,2,24,10,18,1,0.6366877555847168
2243,2,11,87,13,1,1.125248908996582
2244,1,25,32,14,1,0.7753236293792725
2245,20,21,100,16,1,1.6254093647003174
2246,15,33,108,5,1,1.6211893558502197
2247,20,38,106,2,1,1.687596082687378
2248,5,23,197,7,1,2.2129671573638916
2249,2,15,163,6,1,1.7835042476654053
2250,3,19,96,13,1,1.3251638412475586
2251,9,6,38,5,0,0.5446271896362305
2252,1,10,79,1,1,0.8999226093292236
2253,6,20,26,16,1,0.7642481327056885
2254,6,5,63,19,1,0.9932610988616943
2255,14,25,7,6,1,0.6329367160797119
2256,8,29,83,6,1,1.2814559936523438
2257,12,12,165,13,1,2.014580488204956
2258,13,15,20,20,0,0.6974282264709473
2259,10,27,212,17,1,4.1655113697052
2260,4,24,139,11,1,2.0144712924957275
2261,17,19,186,18,1,2.897101879119873
2262,18,2,38,14,0,0.7167396545410156
2263,10,31,15,13,1,0.7937123775482178
2264,14,43,208,7,1,2.862595319747925
2265,19,35,90,17,1,2.3370697498321533
2266,12,15,94,15,1,1.6319124698638916
2267,13,45,145,6,1,2.072977304458618
2268,2,42,112,15,1,2.2061538696289062
2269,11,36,146,17,1,2.2871170043945312
2270,13,16,94,2,1,1.323831558227539
2271,8,44,123,9,1,1.8291478157043457
2272,8,21,204,14,1,2.700010061264038
2273,11,23,102,7,1,1.5310227870941162
2274,3,33,210,3,1,2.542240619659424
2275,12,42,91,4,1,1.5134387016296387
2276,17,28,65,9,1,1.3906605243682861
2277,11,28,20,12,1,0.8650453090667725
2278,13,35,208,13,1,2.6188812255859375
2279,10,25,20,2,0,0.5437159538269043
2280,10,8,38,7,0,0.5799038410186768
2281,18,32,205,8,1,2.558703660964966
2282,15,10,28,5,1,0.7691891193389893
2283,4,31,118,10,1,1.8600809574127197
2284,12,46,6,11,1,0.8847148418426514
2285,19,47,159,18,1,2.440878391265869
2286,17,10,147,15,1,1.915393590927124
2287,20,4,173,15,1,2.150015115737915
2288,6,38,209,14,1,2.6002650260925293
2289,7,32,156,18,1,2.1748862266540527
2290,10,7,196,4,1,2.1414895057678223
2291,12,11,69,18,1,1.2048540115356445
2292,7,31,12,17,1,1.0684313774108887
2293,15,41,7,18,1,1.0041234493255615
2294,14,44,37,18,1,1.5180988311767578
2295,7,35,81,15,1,1.4234228134155273
2296,17,2,173,8,1,1.9630317687988281
2297,13,4,205,12,1,2.3106846809387207
2298,14,26,127,10,1,1.816796064376831
2299,7,17,8,18,0,0.5259594917297363
2300,10,33,91,14,1,2.129542112350464
2301,14,44,200,15,1,2.953500747680664
2302,17,20,88,15,1,1.693622350692749
2303,20,4,182,5,1,2.0725090503692627
2304,15,17,3,18,1,1.2325642108917236
2305,7,6,105,12,1,1.3594419956207275
2306,18,37,214,13,1,2.8507418632507324
2307,10,6,44,11,1,0.8027589321136475
2308,18,12,16,16,0,0.6533849239349365
2309,3,28,213,10,1,2.456064462661743
2310,20,21,135,13,1,1.97194242477417
2311,13,27,41,6,1,0.965923547744751
2312,15,38,36,6,1,1.0336923599243164
2313,8,46,23,12,1,1.0244636535644531
2314,10,43,15,14,1,0.921196699142456
2315,12,1,5,19,0,0.42340612411499023
2316,14,45,197,3,1,2.5147409439086914
